{"stats":{"minecraft:custom":{"minecraft:interact_with_furnace":27,"minecraft:mob_kills":56,"minecraft:interact_with_crafting_table":25,"minecraft:open_barrel":2,"minecraft:leave_game":5,"minecraft:time_since_death":45255,"minecraft:sleep_in_bed":1,"minecraft:time_since_rest":37406,"minecraft:sprint_one_cm":133263,"minecraft:damage_taken":1091,"minecraft:walk_one_cm":119449,"minecraft:drop":23,"minecraft:damage_dealt":8580,"minecraft:swim_one_cm":11193,"minecraft:fly_one_cm":91982,"minecraft:open_chest":19,"minecraft:crouch_one_cm":846,"minecraft:play_time":107583,"minecraft:deaths":2,"minecraft:sneak_time":459,"minecraft:walk_under_water_one_cm":1046,"minecraft:jump":761,"minecraft:interact_with_blast_furnace":5,"minecraft:walk_on_water_one_cm":4509,"minecraft:total_world_time":107583,"minecraft:fall_one_cm":11218},"minecraft:killed_by":{"minecraft:warden":2},"minecraft:picked_up":{"minecraft:crafting_table":4,"minecraft:feather":12,"minecraft:chicken":4,"minecraft:andesite":34,"minecraft:pink_wool":2,"biomesoplenty:fir_sapling":9,"biomesoplenty:fir_log":91,"minecraft:potion":3,"minecraft:gunpowder":22,"minecraft:dirt":57,"minecraft:lapis_lazuli":47,"minecraft:string":12,"minecraft:cooked_mutton":2,"minecraft:bone":2,"minecraft:bow":1,"minecraft:wheat_seeds":2,"minecraft:smooth_stone":2,"minecraft:cobbled_deepslate":1,"biomesoplenty:fir_planks":43,"minecraft:bucket":2,"minecraft:beef":4,"minecraft:stone_pickaxe":2,"minecraft:cobweb":10,"minecraft:poppy":1,"minecraft:light_gray_wool":2,"minecraft:sugar_cane":2,"minecraft:chest":3,"minecraft:furnace":5,"minecraft:stick":2,"minecraft:raw_iron":66,"projectvibrantjourneys:bark_mushroom":1,"minecraft:poisonous_potato":2,"minecraft:spruce_fence":1,"minecraft:sand":1,"minecraft:porkchop":1,"minecraft:diorite":4,"minecraft:spruce_log":3,"valhelsia_structures:white_sleeping_bag":1,"minecraft:spider_eye":2,"minecraft:arrow":10,"minecraft:rotten_flesh":6,"minecraft:granite":31,"projectvibrantjourneys:orange_bark_mushroom":1,"minecraft:mutton":35,"minecraft:coal":46,"minecraft:white_wool":11,"minecraft:cobblestone":252},"minecraft:used":{"minecraft:cooked_mutton":9,"valhelsia_structures:white_sleeping_bag":1,"minecraft:stone_pickaxe":372,"minecraft:chest":9,"minecraft:rotten_flesh":1,"minecraft:torch":7,"minecraft:dirt":4,"minecraft:crafting_table":8,"minecraft:blast_furnace":1,"minecraft:wooden_axe":43,"minecraft:iron_pickaxe":94,"minecraft:light_gray_wool":1,"minecraft:stone_axe":195,"minecraft:cobblestone":14,"minecraft:furnace":5,"biomesoplenty:fir_log":7},"minecraft:crafted":{"valhelsia_structures:white_sleeping_bag":1,"minecraft:smooth_stone":5,"minecraft:crafting_table":2,"minecraft:spruce_planks":4,"minecraft:iron_helmet":1,"minecraft:furnace":3,"minecraft:blast_furnace":1,"minecraft:stone":6,"minecraft:stone_axe":3,"minecraft:cooked_mutton":7,"minecraft:air":0,"minecraft:iron_boots":1,"minecraft:iron_chestplate":1,"minecraft:shield":1,"minecraft:stick":24,"minecraft:iron_ingot":64,"minecraft:iron_pickaxe":1,"minecraft:stone_pickaxe":6,"minecraft:wooden_axe":1,"minecraft:chest":8,"minecraft:iron_leggings":1},"minecraft:killed":{"minecraft:pig":1,"minecraft:zombie_villager":1,"minecraft:spider":16,"minecraft:creeper":2,"minecraft:skeleton":9,"minecraft:sheep":13,"minecraft:zombie":11,"minecraft:cow":2},"minecraft:mined":{"valhelsia_structures:white_sleeping_bag":1,"minecraft:crafting_table":4,"minecraft:granite":31,"minecraft:grass_block":13,"minecraft:spruce_fence":1,"minecraft:chest":3,"minecraft:cobblestone":2,"minecraft:spruce_leaves":2,"minecraft:lapis_ore":6,"minecraft:sugar_cane":1,"minecraft:diorite":4,"minecraft:furnace":4,"minecraft:iron_ore":66,"minecraft:cobbled_deepslate":1,"minecraft:spruce_log":3,"minecraft:andesite":34,"minecraft:light_gray_wool":1,"biomesoplenty:fir_log":111,"minecraft:grass":3,"minecraft:coal_ore":35,"projectvibrantjourneys:short_grass":5,"biomesoplenty:fir_leaves":3,"minecraft:dirt":17,"minecraft:stone":255,"minecraft:fern":2,"minecraft:deepslate":14},"minecraft:broken":{"minecraft:stone_pickaxe":3,"minecraft:stone_axe":2,"minecraft:wooden_axe":1},"minecraft:dropped":{"minecraft:furnace":1,"minecraft:wheat_seeds":2,"minecraft:poisonous_potato":2,"minecraft:feather":12,"minecraft:cobblestone":51,"minecraft:rotten_flesh":5,"biomesoplenty:fir_sapling":5,"minecraft:cobweb":10,"minecraft:dirt":37,"minecraft:spruce_planks":3,"minecraft:pink_wool":1,"minecraft:chest":2,"minecraft:potion":3,"minecraft:stone_pickaxe":1,"minecraft:smooth_stone":2,"minecraft:bucket":1,"minecraft:bone":1}},"DataVersion":3465}