{"stats":{"minecraft:dropped":{"minecraft:wheat_seeds":2,"minecraft:poisonous_potato":2,"minecraft:feather":12,"minecraft:cobblestone":51,"biomesoplenty:fir_sapling":5,"minecraft:cobweb":10,"minecraft:dirt":37,"minecraft:potion":3,"minecraft:smooth_stone":2,"minecraft:bucket":1,"minecraft:bone":1,"minecraft:furnace":1,"minecraft:rotten_flesh":5,"minecraft:spruce_planks":3,"minecraft:pink_wool":1,"minecraft:chest":2,"minecraft:stone_pickaxe":1},"minecraft:crafted":{"minecraft:smooth_stone":5,"minecraft:furnace":3,"minecraft:blast_furnace":1,"minecraft:stone":6,"minecraft:cooked_mutton":17,"minecraft:diamond_leggings":1,"minecraft:iron_boots":1,"minecraft:stone_pickaxe":6,"minecraft:chest":8,"valhelsia_structures:white_sleeping_bag":1,"minecraft:crafting_table":2,"minecraft:spruce_planks":4,"minecraft:iron_helmet":1,"minecraft:stone_axe":3,"minecraft:air":0,"minecraft:iron_chestplate":1,"minecraft:shield":1,"minecraft:stick":48,"minecraft:iron_ingot":64,"minecraft:iron_pickaxe":11,"minecraft:wooden_axe":1,"minecraft:iron_leggings":1,"minecraft:diamond_chestplate":1,"biomesoplenty:fir_door":3},"minecraft:killed_by":{"minecraft:warden":2},"minecraft:used":{"valhelsia_structures:white_sleeping_bag":2,"minecraft:chest":9,"minecraft:rotten_flesh":1,"minecraft:torch":16,"minecraft:dirt":21,"minecraft:wooden_axe":43,"minecraft:light_gray_wool":1,"minecraft:furnace":5,"minecraft:cooked_mutton":11,"minecraft:stone_pickaxe":812,"biomesoplenty:fir_planks":108,"minecraft:crafting_table":8,"minecraft:blast_furnace":1,"minecraft:iron_pickaxe":242,"minecraft:stone_axe":225,"minecraft:cobblestone":141,"biomesoplenty:fir_door":2,"biomesoplenty:fir_log":7},"minecraft:custom":{"minecraft:mob_kills":66,"minecraft:interact_with_crafting_table":28,"minecraft:open_barrel":2,"minecraft:leave_game":6,"minecraft:time_since_death":10664,"minecraft:sprint_one_cm":182208,"minecraft:walk_one_cm":141841,"minecraft:drop":23,"minecraft:play_time":140332,"minecraft:deaths":4,"minecraft:sneak_time":1175,"minecraft:walk_under_water_one_cm":4265,"minecraft:jump":1012,"minecraft:interact_with_blast_furnace":5,"minecraft:walk_on_water_one_cm":4626,"minecraft:total_world_time":140332,"minecraft:interact_with_furnace":29,"minecraft:sleep_in_bed":2,"minecraft:time_since_rest":10686,"minecraft:damage_taken":1703,"minecraft:damage_dealt":10511,"minecraft:swim_one_cm":33992,"minecraft:fly_one_cm":102973,"minecraft:open_chest":48,"minecraft:crouch_one_cm":2743,"minecraft:fall_one_cm":12801},"minecraft:broken":{"minecraft:stone_pickaxe":6,"minecraft:stone_axe":2,"minecraft:iron_pickaxe":1,"minecraft:wooden_axe":1},"minecraft:mined":{"minecraft:diamond_ore":14,"valhelsia_structures:white_sleeping_bag":1,"minecraft:deepslate_diamond_ore":2,"minecraft:granite":88,"minecraft:grass_block":36,"minecraft:spruce_fence":1,"minecraft:spruce_leaves":2,"minecraft:redstone_ore":2,"minecraft:furnace":4,"minecraft:iron_ore":75,"minecraft:cobbled_deepslate":1,"minecraft:andesite":71,"minecraft:stone":578,"minecraft:crafting_table":4,"minecraft:torch":1,"minecraft:calcite":6,"biomesoplenty:fir_planks":6,"minecraft:chest":3,"minecraft:copper_ore":2,"minecraft:cobblestone":8,"minecraft:lapis_ore":7,"minecraft:lily_pad":3,"minecraft:sugar_cane":1,"minecraft:diorite":70,"minecraft:wall_torch":1,"minecraft:amethyst_block":4,"minecraft:spruce_log":3,"minecraft:light_gray_wool":1,"biomesoplenty:fir_log":111,"minecraft:grass":3,"minecraft:coal_ore":37,"projectvibrantjourneys:short_grass":5,"biomesoplenty:fir_leaves":3,"minecraft:gravel":11,"minecraft:sand":20,"minecraft:dirt":59,"minecraft:smooth_basalt":3,"minecraft:deepslate":27,"minecraft:fern":2},"minecraft:killed":{"minecraft:spider":16,"minecraft:skeleton":10,"minecraft:drowned":1,"minecraft:pig":1,"minecraft:zombie_villager":1,"minecraft:creeper":3,"minecraft:sheep":13,"minecraft:zombie":18,"minecraft:cow":2},"minecraft:picked_up":{"minecraft:crafting_table":4,"minecraft:chicken":4,"minecraft:pink_wool":2,"minecraft:potion":3,"minecraft:amethyst_block":4,"minecraft:string":12,"minecraft:raw_copper":5,"minecraft:cobbled_deepslate":14,"minecraft:smooth_stone":2,"biomesoplenty:fir_planks":49,"minecraft:bucket":2,"minecraft:beef":4,"minecraft:calcite":6,"minecraft:poppy":1,"minecraft:light_gray_wool":2,"minecraft:sugar_cane":2,"minecraft:chest":3,"minecraft:furnace":5,"minecraft:stick":2,"minecraft:raw_iron":75,"projectvibrantjourneys:bark_mushroom":1,"minecraft:torch":2,"minecraft:spruce_fence":1,"minecraft:porkchop":1,"minecraft:diorite":70,"minecraft:redstone":9,"valhelsia_structures:white_sleeping_bag":1,"minecraft:arrow":11,"minecraft:rotten_flesh":9,"minecraft:mutton":35,"minecraft:white_wool":11,"minecraft:cobblestone":581,"minecraft:feather":12,"minecraft:andesite":70,"biomesoplenty:fir_sapling":9,"biomesoplenty:fir_log":91,"minecraft:flint":1,"minecraft:lily_pad":3,"minecraft:gunpowder":22,"minecraft:lapis_lazuli":52,"minecraft:dirt":122,"minecraft:cooked_mutton":2,"minecraft:bone":2,"minecraft:bow":1,"minecraft:wheat_seeds":2,"minecraft:stone_pickaxe":2,"minecraft:cobweb":10,"minecraft:smooth_basalt":3,"minecraft:poisonous_potato":2,"minecraft:gravel":11,"minecraft:sand":21,"minecraft:spruce_log":3,"minecraft:spider_eye":2,"minecraft:diamond":16,"minecraft:granite":88,"projectvibrantjourneys:orange_bark_mushroom":1,"minecraft:coal":48}},"DataVersion":3465}