{"stats":{"minecraft:used":{"minecraft:cooked_mutton":2,"minecraft:wooden_axe":39,"minecraft:stone_pickaxe":349,"minecraft:light_gray_wool":1,"minecraft:dirt":3,"minecraft:crafting_table":4,"minecraft:furnace":2},"minecraft:picked_up":{"minecraft:raw_iron":66,"minecraft:stick":2,"minecraft:crafting_table":2,"minecraft:feather":12,"minecraft:chicken":4,"minecraft:andesite":34,"minecraft:pink_wool":1,"biomesoplenty:fir_sapling":5,"biomesoplenty:fir_log":16,"minecraft:spruce_fence":1,"minecraft:potion":3,"minecraft:porkchop":1,"minecraft:diorite":4,"minecraft:spruce_log":3,"minecraft:dirt":19,"minecraft:cooked_mutton":1,"minecraft:wheat_seeds":2,"biomesoplenty:fir_planks":14,"minecraft:granite":27,"minecraft:stone_pickaxe":1,"minecraft:light_gray_wool":2,"projectvibrantjourneys:orange_bark_mushroom":1,"minecraft:coal":32,"minecraft:mutton":26,"minecraft:white_wool":8,"minecraft:cobblestone":184,"minecraft:furnace":2},"minecraft:custom":{"minecraft:time_since_rest":36305,"minecraft:interact_with_furnace":5,"minecraft:sprint_one_cm":40282,"minecraft:damage_taken":120,"minecraft:walk_one_cm":55598,"minecraft:mob_kills":12,"minecraft:drop":4,"minecraft:damage_dealt":1069,"minecraft:swim_one_cm":10065,"minecraft:interact_with_crafting_table":6,"minecraft:fly_one_cm":18808,"minecraft:open_chest":3,"minecraft:crouch_one_cm":131,"minecraft:play_time":36305,"minecraft:sneak_time":105,"minecraft:walk_under_water_one_cm":794,"minecraft:jump":208,"minecraft:leave_game":3,"minecraft:walk_on_water_one_cm":1005,"minecraft:time_since_death":36305,"minecraft:total_world_time":36305,"minecraft:fall_one_cm":4099},"minecraft:dropped":{"minecraft:furnace":1,"minecraft:potion":3},"minecraft:killed":{"minecraft:sheep":10,"minecraft:pig":1,"minecraft:spider":1},"minecraft:broken":{"minecraft:stone_pickaxe":3},"minecraft:mined":{"minecraft:furnace":1,"minecraft:iron_ore":66,"minecraft:spruce_log":3,"minecraft:andesite":34,"minecraft:light_gray_wool":1,"biomesoplenty:fir_log":17,"minecraft:crafting_table":2,"minecraft:granite":27,"minecraft:grass":2,"minecraft:grass_block":6,"minecraft:spruce_fence":1,"minecraft:coal_ore":32,"projectvibrantjourneys:short_grass":4,"minecraft:dirt":13,"minecraft:spruce_leaves":2,"minecraft:stone":184,"minecraft:diorite":4},"minecraft:crafted":{"minecraft:spruce_planks":4,"minecraft:stick":20,"minecraft:iron_pickaxe":1,"minecraft:iron_ingot":4,"minecraft:stone_pickaxe":6,"minecraft:wooden_axe":1,"minecraft:furnace":1,"minecraft:stone_axe":2,"minecraft:air":0,"minecraft:cooked_mutton":5}},"DataVersion":3465}