{"stats":{"minecraft:used":{"minecraft:cooked_mutton":6,"minecraft:stone_pickaxe":357,"minecraft:torch":7,"minecraft:dirt":4,"minecraft:crafting_table":5,"minecraft:wooden_axe":43,"minecraft:iron_pickaxe":76,"minecraft:light_gray_wool":1,"minecraft:stone_axe":62,"minecraft:cobblestone":13,"minecraft:furnace":3},"minecraft:mined":{"minecraft:crafting_table":3,"minecraft:granite":31,"minecraft:grass_block":6,"minecraft:spruce_fence":1,"minecraft:chest":2,"minecraft:cobblestone":2,"minecraft:spruce_leaves":2,"minecraft:lapis_ore":6,"minecraft:diorite":4,"minecraft:furnace":3,"minecraft:iron_ore":66,"minecraft:cobbled_deepslate":1,"minecraft:spruce_log":3,"minecraft:andesite":34,"minecraft:light_gray_wool":1,"biomesoplenty:fir_log":17,"minecraft:grass":2,"minecraft:coal_ore":35,"projectvibrantjourneys:short_grass":4,"minecraft:dirt":13,"minecraft:stone":233,"minecraft:deepslate":14},"minecraft:dropped":{"minecraft:furnace":1,"minecraft:wheat_seeds":2,"minecraft:poisonous_potato":2,"minecraft:feather":12,"minecraft:cobblestone":51,"minecraft:rotten_flesh":2,"biomesoplenty:fir_sapling":5,"minecraft:cobweb":10,"minecraft:dirt":30,"minecraft:spruce_planks":3,"minecraft:chest":2,"minecraft:potion":3,"minecraft:stone_pickaxe":1,"minecraft:smooth_stone":2,"minecraft:bucket":1,"minecraft:bone":1},"minecraft:custom":{"minecraft:interact_with_furnace":23,"minecraft:mob_kills":43,"minecraft:interact_with_crafting_table":17,"minecraft:open_barrel":2,"minecraft:leave_game":5,"minecraft:time_since_death":5433,"minecraft:time_since_rest":5629,"minecraft:sprint_one_cm":83871,"minecraft:damage_taken":963,"minecraft:walk_one_cm":74266,"minecraft:drop":20,"minecraft:damage_dealt":6600,"minecraft:swim_one_cm":10763,"minecraft:fly_one_cm":63501,"minecraft:open_chest":7,"minecraft:crouch_one_cm":846,"minecraft:play_time":67761,"minecraft:deaths":2,"minecraft:sneak_time":439,"minecraft:walk_under_water_one_cm":943,"minecraft:jump":501,"minecraft:walk_on_water_one_cm":2517,"minecraft:total_world_time":67761,"minecraft:fall_one_cm":7008},"minecraft:picked_up":{"minecraft:crafting_table":3,"minecraft:feather":12,"minecraft:chicken":4,"minecraft:andesite":34,"minecraft:pink_wool":1,"biomesoplenty:fir_sapling":5,"biomesoplenty:fir_log":16,"minecraft:potion":3,"minecraft:gunpowder":21,"minecraft:dirt":34,"minecraft:lapis_lazuli":47,"minecraft:string":12,"minecraft:cooked_mutton":1,"minecraft:bone":1,"minecraft:bow":1,"minecraft:wheat_seeds":2,"minecraft:smooth_stone":2,"minecraft:cobbled_deepslate":1,"biomesoplenty:fir_planks":14,"minecraft:bucket":2,"minecraft:stone_pickaxe":2,"minecraft:cobweb":10,"minecraft:light_gray_wool":2,"minecraft:chest":2,"minecraft:furnace":4,"minecraft:stick":2,"minecraft:raw_iron":66,"minecraft:poisonous_potato":2,"minecraft:spruce_fence":1,"minecraft:porkchop":1,"minecraft:diorite":4,"minecraft:spruce_log":3,"minecraft:spider_eye":2,"minecraft:arrow":9,"minecraft:rotten_flesh":3,"minecraft:granite":31,"projectvibrantjourneys:orange_bark_mushroom":1,"minecraft:mutton":26,"minecraft:coal":46,"minecraft:white_wool":8,"minecraft:cobblestone":230},"minecraft:broken":{"minecraft:stone_pickaxe":3,"minecraft:wooden_axe":1},"minecraft:killed":{"minecraft:pig":1,"minecraft:spider":15,"minecraft:skeleton":8,"minecraft:sheep":10,"minecraft:zombie":8},"minecraft:crafted":{"minecraft:smooth_stone":5,"minecraft:spruce_planks":4,"minecraft:iron_helmet":1,"minecraft:furnace":2,"minecraft:blast_furnace":1,"minecraft:stone":6,"minecraft:stone_axe":2,"minecraft:cooked_mutton":5,"minecraft:air":0,"minecraft:iron_boots":1,"minecraft:iron_chestplate":1,"minecraft:shield":1,"minecraft:stick":20,"minecraft:iron_ingot":64,"minecraft:iron_pickaxe":1,"minecraft:stone_pickaxe":6,"minecraft:wooden_axe":1,"minecraft:iron_leggings":1},"minecraft:killed_by":{"minecraft:warden":2}},"DataVersion":3465}