{"stats":{"minecraft:killed":{"minecraft:zombie_villager":1,"minecraft:salmon":6,"minecraft:sheep":1,"minecraft:zombie":1,"minecraft:chicken":3,"minecraft:cow":1},"minecraft:picked_up":{"minecraft:iron_chestplate":1,"minecraft:feather":1,"minecraft:lilac":6,"minecraft:chicken":3,"minecraft:salmon":5,"projectvibrantjourneys:fallen_leaves":4,"minecraft:leather":1,"minecraft:brown_mushroom":2,"minecraft:red_mushroom":1,"minecraft:mushroom_stew":3,"minecraft:oak_log":3,"minecraft:shield":1,"minecraft:raw_copper":4,"projectvibrantjourneys:spruce_hollow_log":1,"minecraft:dirt":444,"minecraft:lantern":6,"minecraft:iron_axe":1,"minecraft:iron_leggings":1,"minecraft:iron_shovel":2,"minecraft:wheat_seeds":10,"minecraft:iron_pickaxe":1,"minecraft:iron_sword":1,"minecraft:iron_boots":1,"minecraft:egg":1,"biomesoplenty:toadstool":1,"minecraft:stick":1,"minecraft:sweet_berries":31,"minecraft:torch":72,"minecraft:stone_button":1,"minecraft:lily_of_the_valley":2,"minecraft:spruce_door":1,"minecraft:orange_bed":3,"minecraft:rotten_flesh":3,"minecraft:diamond":3,"minecraft:iron_helmet":1,"minecraft:gray_wool":3,"minecraft:oak_sapling":3,"minecraft:glow_berries":1,"minecraft:mutton":1,"minecraft:sunflower":1},"minecraft:broken":{"minecraft:iron_shovel":1},"minecraft:used":{"minecraft:iron_shovel":416,"minecraft:iron_sword":75,"minecraft:rotten_flesh":1,"minecraft:salmon":3,"minecraft:torch":23,"minecraft:glow_berries":2,"minecraft:dirt":11,"minecraft:mushroom_stew":2,"minecraft:oak_log":1,"minecraft:lantern":1,"minecraft:iron_axe":21,"minecraft:iron_pickaxe":2,"minecraft:sweet_berries":25,"minecraft:egg":1,"minecraft:gray_wool":2},"minecraft:custom":{"minecraft:mob_kills":13,"minecraft:interact_with_crafting_table":5,"minecraft:open_barrel":1,"minecraft:eat_cake_slice":7,"minecraft:leave_game":3,"minecraft:time_since_death":81226,"minecraft:sleep_in_bed":1,"minecraft:time_since_rest":199,"minecraft:sprint_one_cm":145788,"minecraft:damage_taken":635,"minecraft:walk_one_cm":272109,"minecraft:drop":25,"minecraft:damage_dealt":1253,"minecraft:swim_one_cm":845,"minecraft:fly_one_cm":16624,"minecraft:open_chest":3,"minecraft:crouch_one_cm":1253,"minecraft:play_time":81226,"minecraft:sneak_time":1381,"minecraft:walk_under_water_one_cm":39373,"minecraft:jump":527,"minecraft:walk_on_water_one_cm":25017,"minecraft:total_world_time":81226,"minecraft:fall_one_cm":6930},"minecraft:dropped":{"biomesoplenty:toadstool":1,"minecraft:wheat_seeds":10,"minecraft:brown_mushroom":1,"minecraft:sweet_berries":31,"minecraft:lilac":6,"projectvibrantjourneys:spruce_hollow_log":1,"minecraft:feather":1,"minecraft:rotten_flesh":2,"minecraft:leather":1,"minecraft:mushroom_stew":1,"minecraft:lily_of_the_valley":2,"minecraft:dirt":433,"minecraft:shield":1,"projectvibrantjourneys:fallen_leaves":4,"minecraft:oak_sapling":3,"minecraft:sunflower":1,"minecraft:orange_bed":2},"minecraft:crafted":{"minecraft:bowl":4,"minecraft:mushroom_stew":1},"minecraft:mined":{"minecraft:brown_mushroom":2,"minecraft:lily_of_the_valley":1,"minecraft:grass_block":246,"minecraft:rose_bush":1,"minecraft:copper_ore":1,"biomesoplenty:sprout":8,"projectvibrantjourneys:fallen_leaves":1,"minecraft:red_mushroom":1,"minecraft:large_fern":1,"minecraft:gray_wool":2,"minecraft:tall_seagrass":1,"biomesoplenty:toadstool":1,"minecraft:lilac":5,"minecraft:grass":12,"projectvibrantjourneys:spruce_hollow_log":1,"minecraft:oak_log":2,"projectvibrantjourneys:short_grass":11,"minecraft:lantern":1,"minecraft:sunflower":1,"projectvibrantjourneys:pinecones":1,"minecraft:dirt":171,"projectvibrantjourneys:seashells":1,"minecraft:oak_leaves":22,"minecraft:fern":2}},"DataVersion":3465}