{"stats":{"minecraft:killed":{"minecraft:skeleton":1,"minecraft:zombie":1},"minecraft:picked_up":{"minecraft:stick":1,"minecraft:iron_chestplate":1,"minecraft:lilac":1,"minecraft:lily_pad":14,"minecraft:iron_leggings":1,"minecraft:iron_hoe":1,"minecraft:iron_shovel":1,"minecraft:rotten_flesh":3,"minecraft:stone_axe":3,"minecraft:wheat_seeds":4,"minecraft:iron_helmet":1,"minecraft:iron_ingot":108,"minecraft:bread":1,"minecraft:poppy":8,"minecraft:iron_pickaxe":1,"minecraft:iron_sword":1,"minecraft:iron_boots":1,"minecraft:sunflower":2},"minecraft:used":{"minecraft:apple":10,"minecraft:iron_pickaxe":1,"minecraft:iron_sword":19,"minecraft:iron_boots":1,"minecraft:stone_axe":15},"minecraft:custom":{"minecraft:time_since_rest":4548,"minecraft:sprint_one_cm":15857,"minecraft:walk_one_cm":306783,"minecraft:damage_taken":1067,"minecraft:mob_kills":2,"minecraft:drop":95,"minecraft:damage_dealt":630,"minecraft:swim_one_cm":5517,"minecraft:fly_one_cm":4196,"minecraft:open_barrel":2,"minecraft:open_chest":10,"minecraft:crouch_one_cm":644,"minecraft:play_time":30982,"minecraft:deaths":2,"minecraft:sneak_time":445,"minecraft:walk_under_water_one_cm":9970,"minecraft:jump":257,"minecraft:leave_game":1,"minecraft:walk_on_water_one_cm":9282,"minecraft:time_since_death":21501,"minecraft:sleep_in_bed":4,"minecraft:total_world_time":30982,"minecraft:interact_with_smoker":1,"minecraft:fall_one_cm":7837},"minecraft:dropped":{"minecraft:iron_ingot":78,"minecraft:poppy":7,"minecraft:stone_axe":2,"minecraft:wheat_seeds":3,"minecraft:rotten_flesh":3,"minecraft:sunflower":2},"minecraft:killed_by":{"minecraft:skeleton":1,"minecraft:zombie":1},"minecraft:mined":{"minecraft:seagrass":1,"minecraft:lilac":1,"minecraft:grass":10,"projectvibrantjourneys:twigs":2,"minecraft:poppy":1,"projectvibrantjourneys:short_grass":3,"minecraft:sunflower":1,"minecraft:tall_grass":7,"biomesoplenty:sprout":1,"minecraft:lily_pad":14,"minecraft:oak_leaves":1,"minecraft:fern":3}},"DataVersion":3465}