{"stats":{"minecraft:dropped":{"minecraft:iron_ingot":78,"minecraft:stone_axe":2,"minecraft:wheat_seeds":7,"minecraft:lilac":1,"minecraft:rotten_flesh":3,"minecraft:poppy":7,"minecraft:iron_leggings":2,"minecraft:sunflower":2,"minecraft:bow":2,"minecraft:iron_pickaxe":1},"minecraft:killed_by":{"minecraft:player":1,"minecraft:skeleton":1,"minecraft:zombie":1},"minecraft:used":{"minecraft:flint_and_steel":64,"minecraft:oak_planks":1,"minecraft:iron_sword":63,"minecraft:dirt":1,"minecraft:apple":13,"minecraft:bread":1,"minecraft:iron_pickaxe":18,"minecraft:iron_boots":1,"minecraft:stone_axe":15,"minecraft:bow":3,"minecraft:sweet_berries":1},"minecraft:custom":{"minecraft:mob_kills":4,"minecraft:open_barrel":3,"minecraft:leave_game":1,"minecraft:time_since_death":28599,"minecraft:sleep_in_bed":5,"minecraft:climb_one_cm":668,"minecraft:time_since_rest":27249,"minecraft:sprint_one_cm":37771,"minecraft:damage_taken":1504,"minecraft:walk_one_cm":547057,"minecraft:drop":102,"minecraft:damage_dealt":1320,"minecraft:swim_one_cm":11666,"minecraft:fly_one_cm":13498,"minecraft:player_kills":1,"minecraft:open_chest":15,"minecraft:crouch_one_cm":1574,"minecraft:play_time":62923,"minecraft:deaths":3,"minecraft:sneak_time":859,"minecraft:walk_under_water_one_cm":18329,"minecraft:jump":624,"minecraft:interact_with_blast_furnace":3,"minecraft:walk_on_water_one_cm":16726,"minecraft:interact_with_smoker":1,"minecraft:total_world_time":62923,"minecraft:fall_one_cm":15802},"minecraft:broken":{"minecraft:flint_and_steel":1},"minecraft:mined":{"projectvibrantjourneys:cattail":2,"minecraft:spruce_planks":1,"projectvibrantjourneys:twigs":2,"minecraft:grass_block":1,"minecraft:poppy":2,"minecraft:tall_grass":20,"biomesoplenty:sprout":1,"minecraft:lily_pad":14,"minecraft:oak_planks":5,"minecraft:seagrass":1,"minecraft:tall_seagrass":2,"minecraft:sweet_berry_bush":1,"minecraft:barrel":1,"minecraft:lilac":1,"minecraft:grass":12,"projectvibrantjourneys:short_grass":3,"minecraft:sunflower":1,"minecraft:dirt":1,"minecraft:oak_leaves":1,"minecraft:fern":3},"minecraft:killed":{"minecraft:skeleton":2,"minecraft:zombie":1,"minecraft:fox":1},"minecraft:picked_up":{"minecraft:iron_chestplate":1,"minecraft:feather":1,"minecraft:chainmail_boots":1,"minecraft:lilac":2,"minecraft:lily_pad":14,"minecraft:gunpowder":13,"minecraft:dirt":1,"minecraft:flint_and_steel":1,"minecraft:iron_leggings":3,"minecraft:iron_shovel":1,"minecraft:bone":2,"minecraft:bow":2,"minecraft:wheat_seeds":7,"minecraft:spruce_planks":1,"minecraft:iron_ingot":108,"minecraft:poppy":9,"minecraft:iron_pickaxe":2,"minecraft:iron_sword":1,"minecraft:oak_planks":5,"minecraft:iron_boots":1,"minecraft:stick":1,"minecraft:sweet_berries":1,"minecraft:redstone":7,"minecraft:barrel":1,"minecraft:iron_hoe":1,"minecraft:arrow":2,"minecraft:rotten_flesh":3,"minecraft:stone_axe":3,"minecraft:iron_helmet":2,"projectvibrantjourneys:cattail":2,"minecraft:bread":1,"minecraft:coal":1,"minecraft:sunflower":2}},"DataVersion":3465}