{"stats":{"minecraft:custom":{"minecraft:open_chest":1,"minecraft:time_since_rest":176,"minecraft:crouch_one_cm":2172,"minecraft:play_time":9184,"minecraft:sprint_one_cm":29776,"minecraft:walk_one_cm":37415,"minecraft:damage_taken":565,"minecraft:deaths":3,"minecraft:sneak_time":697,"minecraft:walk_under_water_one_cm":121,"minecraft:mob_kills":3,"minecraft:jump":183,"minecraft:leave_game":1,"minecraft:damage_dealt":934,"minecraft:time_since_death":125,"minecraft:walk_on_water_one_cm":114,"minecraft:total_world_time":9184,"minecraft:fly_one_cm":37876,"minecraft:swim_one_cm":848,"minecraft:interact_with_crafting_table":7,"minecraft:fall_one_cm":4427,"minecraft:open_barrel":1},"minecraft:used":{"minecraft:lilac":1,"minecraft:iron_sword":20,"biomesoplenty:fir_log":2},"minecraft:killed_by":{"minecraft:player":1,"minecraft:husk":1},"minecraft:crafted":{"minecraft:iron_sword":1},"minecraft:picked_up":{"minecraft:arrow":2,"minecraft:stick":1,"minecraft:lilac":1,"minecraft:bone":1,"biomesoplenty:fir_log":4,"minecraft:spruce_log":1},"minecraft:mined":{"projectvibrantjourneys:twigs":1,"projectvibrantjourneys:bones":1,"minecraft:lilac":1,"minecraft:spruce_leaves":2,"minecraft:spruce_log":1,"biomesoplenty:fir_log":4,"minecraft:fern":1},"minecraft:killed":{"minecraft:husk":3}},"DataVersion":3465}