{"stats":{"minecraft:used":{"minecraft:stone_pickaxe":44,"minecraft:shield":1,"minecraft:spruce_planks":30,"minecraft:wooden_pickaxe":8,"minecraft:iron_sword":68,"minecraft:iron_chestplate":1,"minecraft:rotten_flesh":9,"minecraft:crafting_table":2,"minecraft:mushroom_stew":4,"minecraft:cake":1,"minecraft:wooden_axe":20,"minecraft:dark_oak_planks":2,"minecraft:iron_helmet":1,"minecraft:lilac":1,"minecraft:stone_axe":40,"minecraft:sweet_berries":4,"minecraft:pumpkin_pie":1,"biomesoplenty:fir_log":2,"minecraft:iron_leggings":1},"minecraft:custom":{"minecraft:interact_with_furnace":2,"minecraft:mob_kills":11,"minecraft:interact_with_crafting_table":13,"minecraft:open_barrel":21,"minecraft:interact_with_loom":1,"minecraft:eat_cake_slice":9,"minecraft:leave_game":2,"minecraft:time_since_death":5936,"minecraft:climb_one_cm":2798,"minecraft:time_since_rest":6267,"minecraft:sprint_one_cm":155915,"minecraft:damage_taken":1645,"minecraft:walk_one_cm":176654,"minecraft:damage_blocked_by_shield":60,"minecraft:drop":13,"minecraft:damage_dealt":2726,"minecraft:talked_to_villager":1,"minecraft:swim_one_cm":55758,"minecraft:fly_one_cm":138965,"minecraft:open_chest":24,"minecraft:crouch_one_cm":27385,"minecraft:play_time":61210,"minecraft:deaths":5,"minecraft:sneak_time":8052,"minecraft:walk_under_water_one_cm":2189,"minecraft:jump":759,"minecraft:interact_with_blast_furnace":4,"minecraft:walk_on_water_one_cm":16598,"minecraft:total_world_time":61210,"minecraft:fall_one_cm":16325},"minecraft:picked_up":{"minecraft:crafting_table":1,"minecraft:lilac":1,"minecraft:salmon":1,"minecraft:brown_wool":1,"minecraft:brown_mushroom":3,"minecraft:red_mushroom":2,"biomesoplenty:fir_log":4,"minecraft:potion":4,"minecraft:brewing_stand":1,"minecraft:string":1,"minecraft:waxed_cut_copper_slab":2,"minecraft:bone":3,"minecraft:gray_carpet":3,"minecraft:wheat_seeds":2,"minecraft:spruce_planks":4,"minecraft:beef":1,"minecraft:calcite":6,"minecraft:player_head":3,"minecraft:melon_slice":7,"minecraft:book":33,"projectvibrantjourneys:light_brown_bark_mushroom":1,"minecraft:stick":5,"minecraft:sweet_berries":35,"projectvibrantjourneys:bark_mushroom":7,"minecraft:spruce_sapling":4,"minecraft:blast_furnace":1,"minecraft:spruce_log":122,"valhelsia_structures:white_sleeping_bag":1,"minecraft:dark_prismarine":4,"minecraft:dark_oak_planks":6,"minecraft:arrow":3,"minecraft:rotten_flesh":9,"minecraft:hay_block":16,"minecraft:stripped_dark_oak_wood":2,"minecraft:golden_apple":1,"projectvibrantjourneys:orange_bark_mushroom":1,"minecraft:damaged_anvil":1,"minecraft:mutton":3,"minecraft:coal":24,"minecraft:white_wool":1,"minecraft:cobblestone":8},"minecraft:dropped":{"minecraft:brown_mushroom":1,"minecraft:cobblestone":2,"projectvibrantjourneys:light_brown_bark_mushroom":1,"minecraft:potion":4,"minecraft:stone_pickaxe":1,"minecraft:calcite":3,"minecraft:dark_prismarine":4,"minecraft:dark_oak_planks":6,"minecraft:gray_carpet":3,"minecraft:waxed_cut_copper_slab":2},"minecraft:broken":{"minecraft:wooden_axe":1},"minecraft:killed":{"minecraft:husk":5,"minecraft:spider":1,"minecraft:sheep":2,"minecraft:skeleton":1,"minecraft:drowned":1,"minecraft:cow":1},"minecraft:mined":{"minecraft:dark_oak_planks":14,"minecraft:waxed_cut_copper_slab":1,"minecraft:dark_prismarine":4,"minecraft:spruce_planks":4,"minecraft:brown_mushroom":3,"minecraft:red_nether_bricks":1,"minecraft:brewing_stand":1,"minecraft:crafting_table":1,"projectvibrantjourneys:twigs":2,"minecraft:blast_furnace":1,"minecraft:calcite":6,"minecraft:melon":2,"minecraft:rose_bush":1,"minecraft:spruce_leaves":2,"minecraft:sugar_cane":2,"minecraft:red_mushroom":2,"minecraft:damaged_anvil":1,"minecraft:hay_block":16,"projectvibrantjourneys:light_brown_bark_mushroom":1,"minecraft:dark_oak_slab":2,"minecraft:waxed_oxidized_cut_copper_slab":1,"minecraft:sweet_berry_bush":15,"minecraft:lilac":1,"minecraft:spruce_log":9,"projectvibrantjourneys:bones":2,"biomesoplenty:fir_log":4,"minecraft:stripped_dark_oak_wood":2,"minecraft:dark_oak_stairs":1,"minecraft:polished_deepslate":1,"minecraft:mangrove_slab":1,"minecraft:bookshelf":11,"minecraft:coal_ore":24,"projectvibrantjourneys:short_grass":11,"projectvibrantjourneys:pinecones":1,"minecraft:gray_carpet":3,"minecraft:cobweb":1,"minecraft:stripped_mangrove_wood":4,"minecraft:stone":9,"minecraft:player_head":3,"minecraft:fern":1},"minecraft:crafted":{"minecraft:wooden_pickaxe":1,"minecraft:iron_sword":1,"minecraft:stone_axe":1,"minecraft:shield":1,"minecraft:stone_pickaxe":1,"minecraft:wooden_axe":1,"minecraft:dark_oak_planks":8},"minecraft:killed_by":{"minecraft:husk":2,"minecraft:player":1}},"DataVersion":3465}