{"stats":{"minecraft:crafted":{"minecraft:coal":54,"minecraft:stone_pickaxe":1,"minecraft:dark_oak_planks":8,"minecraft:raw_iron_block":1,"minecraft:wheat":63,"minecraft:wooden_pickaxe":1,"minecraft:baked_potato":32,"minecraft:iron_sword":1,"minecraft:stone_axe":1,"minecraft:bread":21,"minecraft:air":0,"minecraft:shield":1,"minecraft:iron_pickaxe":1,"minecraft:wooden_axe":1},"minecraft:dropped":{"minecraft:bread":5,"minecraft:brown_mushroom":1,"minecraft:wheat_seeds":2,"minecraft:iron_helmet":1,"minecraft:cobblestone":2,"minecraft:potion":4,"minecraft:dark_oak_planks":6,"minecraft:gray_carpet":3,"minecraft:waxed_cut_copper_slab":2,"minecraft:kelp":4,"minecraft:bowl":4,"minecraft:rotten_flesh":3,"projectvibrantjourneys:light_brown_bark_mushroom":1,"minecraft:chainmail_boots":1,"minecraft:stone_pickaxe":1,"minecraft:calcite":3,"minecraft:dark_prismarine":4},"minecraft:used":{"minecraft:iron_shovel":1,"minecraft:spruce_planks":30,"minecraft:shield":1,"minecraft:iron_sword":113,"minecraft:rotten_flesh":9,"minecraft:iron_chestplate":1,"minecraft:dark_oak_planks":2,"minecraft:wooden_axe":20,"minecraft:iron_helmet":12,"minecraft:hay_block":3,"minecraft:sweet_berries":4,"minecraft:potato":2,"minecraft:iron_leggings":1,"minecraft:dark_oak_stairs":1,"minecraft:stone_pickaxe":44,"minecraft:baked_potato":7,"minecraft:wooden_pickaxe":8,"minecraft:golden_apple":1,"minecraft:golden_hoe":26,"minecraft:crafting_table":2,"minecraft:mushroom_stew":6,"minecraft:cake":1,"minecraft:bread":11,"minecraft:brown_wool":1,"minecraft:iron_pickaxe":16,"minecraft:lilac":1,"minecraft:stone_axe":57,"minecraft:purple_bed":1,"minecraft:chainmail_boots":8,"minecraft:pumpkin_pie":3,"biomesoplenty:fir_log":2},"minecraft:killed_by":{"minecraft:husk":2,"minecraft:player":2},"minecraft:custom":{"minecraft:interact_with_smithing_table":1,"minecraft:mob_kills":16,"minecraft:interact_with_crafting_table":20,"minecraft:open_barrel":45,"minecraft:eat_cake_slice":11,"minecraft:leave_game":3,"minecraft:time_since_death":5591,"minecraft:climb_one_cm":11756,"minecraft:sprint_one_cm":461890,"minecraft:walk_one_cm":318820,"minecraft:damage_blocked_by_shield":60,"minecraft:drop":30,"minecraft:talked_to_villager":1,"minecraft:play_time":123925,"minecraft:deaths":6,"minecraft:sneak_time":10163,"minecraft:walk_under_water_one_cm":9425,"minecraft:jump":2160,"minecraft:interact_with_blast_furnace":16,"minecraft:walk_on_water_one_cm":23792,"minecraft:total_world_time":123925,"minecraft:interact_with_furnace":3,"minecraft:interact_with_loom":1,"minecraft:sleep_in_bed":5,"minecraft:time_since_rest":5640,"minecraft:waystone_activated":1,"minecraft:damage_taken":2682,"minecraft:damage_absorbed":30,"minecraft:damage_dealt":4846,"minecraft:swim_one_cm":88352,"minecraft:fly_one_cm":489871,"minecraft:open_chest":81,"minecraft:crouch_one_cm":35193,"minecraft:interact_with_smoker":25,"minecraft:fall_one_cm":56058},"minecraft:broken":{"minecraft:wooden_axe":1},"minecraft:mined":{"minecraft:dark_oak_planks":14,"minecraft:waxed_cut_copper_slab":1,"minecraft:dark_prismarine":4,"minecraft:spruce_planks":4,"minecraft:red_nether_bricks":1,"minecraft:brewing_stand":1,"minecraft:gray_stained_glass_pane":2,"minecraft:coal_block":6,"minecraft:spruce_leaves":2,"minecraft:frosted_ice":1,"minecraft:kelp":1,"minecraft:red_mushroom":2,"minecraft:hay_block":70,"minecraft:raw_iron_block":5,"minecraft:iron_ore":3,"minecraft:fire":1,"minecraft:waxed_oxidized_cut_copper_slab":1,"minecraft:stripped_dark_oak_wood":2,"minecraft:dark_oak_stairs":2,"minecraft:polished_deepslate":1,"minecraft:bookshelf":11,"biomesoplenty:high_grass":3,"minecraft:stone":11,"minecraft:stripped_mangrove_wood":4,"minecraft:player_head":3,"minecraft:oak_slab":1,"minecraft:brown_mushroom":3,"minecraft:kelp_plant":1,"minecraft:crafting_table":1,"projectvibrantjourneys:twigs":2,"minecraft:blast_furnace":1,"minecraft:calcite":6,"minecraft:melon":2,"minecraft:rose_bush":2,"biomesoplenty:high_grass_plant":3,"minecraft:tall_grass":2,"biomesoplenty:sprout":1,"minecraft:oak_planks":2,"minecraft:sugar_cane":2,"minecraft:damaged_anvil":1,"projectvibrantjourneys:light_brown_bark_mushroom":1,"minecraft:purple_bed":2,"minecraft:dark_oak_slab":2,"minecraft:sweet_berry_bush":15,"minecraft:lilac":1,"projectvibrantjourneys:bones":2,"minecraft:spruce_log":13,"biomesoplenty:fir_log":4,"biomesoplenty:clover":1,"minecraft:mangrove_slab":1,"minecraft:coal_ore":24,"minecraft:oak_log":1,"projectvibrantjourneys:short_grass":14,"projectvibrantjourneys:pinecones":1,"minecraft:dirt":1,"minecraft:gray_carpet":3,"minecraft:cobweb":1,"minecraft:fern":1},"minecraft:killed":{"minecraft:spider":2,"minecraft:skeleton":1,"minecraft:drowned":1,"minecraft:husk":5,"minecraft:iron_golem":1,"minecraft:sheep":2,"minecraft:zombie":2,"minecraft:cow":2},"minecraft:picked_up":{"minecraft:crafting_table":1,"minecraft:brown_mushroom":3,"minecraft:potion":4,"minecraft:brewing_stand":1,"minecraft:string":1,"minecraft:waxed_cut_copper_slab":2,"minecraft:iron_leggings":1,"minecraft:spruce_planks":4,"minecraft:beef":4,"minecraft:player_head":3,"minecraft:calcite":6,"minecraft:melon_slice":7,"minecraft:coal_block":6,"minecraft:raw_iron":3,"minecraft:stick":5,"projectvibrantjourneys:bark_mushroom":7,"minecraft:bowl":2,"valhelsia_structures:white_sleeping_bag":1,"minecraft:dark_oak_planks":6,"minecraft:arrow":3,"minecraft:rotten_flesh":14,"minecraft:hay_block":70,"minecraft:stripped_dark_oak_wood":2,"minecraft:mutton":3,"minecraft:cobblestone":10,"minecraft:white_wool":1,"minecraft:lilac":1,"minecraft:salmon":1,"minecraft:leather":2,"minecraft:brown_wool":1,"minecraft:red_mushroom":2,"biomesoplenty:fir_log":4,"minecraft:oak_log":1,"minecraft:dirt":1,"minecraft:bone":3,"minecraft:gray_carpet":3,"minecraft:kelp":4,"minecraft:wheat_seeds":3,"minecraft:iron_ingot":5,"minecraft:oak_planks":2,"minecraft:dark_oak_stairs":1,"minecraft:book":33,"minecraft:oak_slab":2,"projectvibrantjourneys:light_brown_bark_mushroom":1,"minecraft:sweet_berries":37,"minecraft:raw_iron_block":5,"minecraft:spruce_sapling":4,"minecraft:blast_furnace":1,"minecraft:spruce_log":126,"minecraft:dark_prismarine":4,"minecraft:purple_bed":1,"minecraft:golden_apple":1,"minecraft:bread":20,"projectvibrantjourneys:orange_bark_mushroom":1,"minecraft:damaged_anvil":1,"minecraft:coal":24}},"DataVersion":3465}