{"stats":{"minecraft:killed":{"minecraft:spider":3,"minecraft:skeleton":14,"minecraft:drowned":6,"minecraft:husk":2,"minecraft:pig":1,"minecraft:salmon":6,"minecraft:creeper":7,"minecraft:sheep":8,"minecraft:zombie":16,"minecraft:enderman":1,"minecraft:cow":7},"minecraft:picked_up":{"minecraft:crafting_table":6,"minecraft:wheat":60,"minecraft:prismarine_shard":5,"minecraft:stone_brick_stairs":1,"minecraft:string":2,"minecraft:raw_copper":9,"minecraft:cyan_carpet":1,"minecraft:cobbled_deepslate":8,"minecraft:spruce_planks":6,"minecraft:beef":17,"minecraft:rose_bush":1,"minecraft:light_gray_wool":1,"minecraft:egg":1,"minecraft:stick":33,"minecraft:raw_iron":328,"minecraft:sandstone":30,"projectvibrantjourneys:bark_mushroom":4,"minecraft:torch":8,"minecraft:porkchop":1,"minecraft:diorite":81,"minecraft:carrot":1,"valhelsia_structures:white_sleeping_bag":3,"minecraft:orange_bed":2,"minecraft:arrow":4,"minecraft:rotten_flesh":16,"minecraft:hay_block":6,"minecraft:obsidian":1,"minecraft:mutton":13,"minecraft:iron_bars":1,"minecraft:white_wool":7,"minecraft:cobblestone":933,"minecraft:lilac":2,"minecraft:andesite":67,"minecraft:salmon":7,"projectvibrantjourneys:fallen_leaves":7,"minecraft:leather":7,"biomesoplenty:fir_sapling":28,"biomesoplenty:fir_log":172,"minecraft:mushroom_stew":3,"minecraft:oak_log":8,"minecraft:gunpowder":4,"projectvibrantjourneys:sea_oats":2,"minecraft:dirt":787,"minecraft:bone":6,"minecraft:apple":3,"minecraft:wheat_seeds":14,"minecraft:raw_gold":7,"projectvibrantjourneys:light_brown_bark_mushroom":5,"minecraft:cooked_porkchop":1,"valhelsia_structures:green_metal_framed_glass_pane":2,"minecraft:raw_iron_block":5,"minecraft:gravel":8,"minecraft:sand":23,"minecraft:stripped_spruce_log":1,"minecraft:spruce_sapling":26,"minecraft:blast_furnace":3,"minecraft:spruce_log":69,"minecraft:spider_eye":1,"minecraft:mossy_cobblestone":6,"minecraft:brick_slab":1,"minecraft:purple_bed":1,"minecraft:diamond":1,"minecraft:iron_helmet":1,"minecraft:granite":124,"projectvibrantjourneys:orange_bark_mushroom":3,"minecraft:oak_sapling":7,"minecraft:bricks":13,"minecraft:coal":197,"minecraft:sunflower":1,"minecraft:ender_pearl":2},"minecraft:broken":{"minecraft:wooden_axe":1},"minecraft:used":{"minecraft:iron_shovel":755,"valhelsia_structures:white_sleeping_bag":3,"minecraft:stone_shovel":122,"minecraft:chest":6,"minecraft:spruce_planks":9,"minecraft:iron_sword":43,"minecraft:wooden_shovel":5,"minecraft:iron_chestplate":2,"minecraft:torch":31,"minecraft:dirt":26,"minecraft:anvil":1,"minecraft:hopper":2,"minecraft:wooden_axe":70,"minecraft:iron_axe":363,"minecraft:grass_block":1,"biomesoplenty:fir_sapling":4,"minecraft:iron_helmet":1,"minecraft:rabbit_stew":1,"minecraft:furnace":1,"minecraft:cooked_beef":11,"minecraft:iron_leggings":3,"minecraft:cooked_mutton":4,"minecraft:water_bucket":2,"minecraft:stone_pickaxe":75,"minecraft:ender_pearl":1,"minecraft:wooden_pickaxe":27,"minecraft:leather_chestplate":1,"minecraft:chainmail_helmet":1,"minecraft:salmon":3,"minecraft:crafting_table":10,"minecraft:mushroom_stew":3,"minecraft:blast_furnace":3,"minecraft:cake":4,"minecraft:smoker":1,"minecraft:diamond_pickaxe":1687,"minecraft:apple":6,"minecraft:stone_axe":33,"minecraft:purple_bed":3,"minecraft:cobblestone":44,"minecraft:cooked_porkchop":1,"minecraft:bucket":2,"minecraft:bone_meal":26},"minecraft:custom":{"minecraft:interact_with_anvil":2,"minecraft:mob_kills":71,"minecraft:inspect_hopper":1,"minecraft:interact_with_crafting_table":38,"minecraft:open_barrel":17,"minecraft:eat_cake_slice":30,"minecraft:leave_game":12,"minecraft:time_since_death":204329,"minecraft:climb_one_cm":4369,"minecraft:sprint_one_cm":1340215,"minecraft:walk_one_cm":462240,"minecraft:drop":79,"minecraft:play_time":204329,"minecraft:sneak_time":2964,"minecraft:walk_under_water_one_cm":5129,"minecraft:jump":164,"minecraft:interact_with_blast_furnace":23,"minecraft:walk_on_water_one_cm":18362,"minecraft:total_world_time":204329,"minecraft:interact_with_furnace":12,"minecraft:sleep_in_bed":6,"minecraft:time_since_rest":22,"minecraft:damage_taken":1062,"minecraft:damage_dealt":12659,"minecraft:player_kills":2,"minecraft:swim_one_cm":27108,"minecraft:fly_one_cm":1115,"minecraft:open_chest":110,"minecraft:crouch_one_cm":7242,"minecraft:interact_with_smoker":25,"minecraft:fall_one_cm":209},"minecraft:dropped":{"minecraft:water_bucket":1,"minecraft:iron_ingot":128,"minecraft:iron_sword":1,"minecraft:wheat_seeds":3,"minecraft:cooked_beef":8,"minecraft:lilac":1,"minecraft:mossy_cobblestone":6,"minecraft:ender_pearl":1,"minecraft:diamond":3,"valhelsia_structures:white_sleeping_bag":1,"minecraft:prismarine_shard":1,"minecraft:iron_helmet":2,"minecraft:cobblestone":455,"minecraft:leather":7,"minecraft:granite":41,"projectvibrantjourneys:orange_bark_mushroom":2,"minecraft:mushroom_stew":3,"minecraft:dirt":95,"minecraft:diorite":41,"minecraft:torch":64,"projectvibrantjourneys:fallen_leaves":1,"minecraft:rose_bush":1,"minecraft:iron_leggings":1,"minecraft:sunflower":1,"minecraft:sand":18,"minecraft:iron_axe":1,"minecraft:iron_pickaxe":1,"minecraft:iron_shovel":2,"minecraft:string":2,"valhelsia_structures:green_metal_framed_glass_pane":2,"projectvibrantjourneys:bark_mushroom":2,"minecraft:spruce_sapling":14,"minecraft:cyan_carpet":1,"minecraft:bone":5,"minecraft:gravel":8,"minecraft:bricks":13,"minecraft:cobbled_deepslate":7,"minecraft:raw_copper":7,"minecraft:bowl":2,"minecraft:stone_shovel":1,"minecraft:rotten_flesh":12,"minecraft:light_gray_wool":1,"minecraft:iron_boots":1,"projectvibrantjourneys:sea_oats":2,"projectvibrantjourneys:light_brown_bark_mushroom":3,"minecraft:shield":1,"minecraft:iron_chestplate":2,"minecraft:andesite":56,"minecraft:oak_sapling":5,"minecraft:spider_eye":1,"minecraft:sandstone":30,"minecraft:iron_bars":1,"minecraft:wooden_pickaxe":1,"minecraft:brick_slab":1},"minecraft:crafted":{"minecraft:stone_shovel":1,"minecraft:furnace":2,"minecraft:cooked_mutton":13,"minecraft:hopper":2,"minecraft:iron_boots":1,"minecraft:iron_axe":1,"minecraft:stone_pickaxe":1,"minecraft:chest":8,"minecraft:smoker":1,"minecraft:cooked_beef":14,"valhelsia_structures:white_sleeping_bag":2,"minecraft:wooden_shovel":1,"minecraft:cooked_porkchop":1,"minecraft:crafting_table":5,"minecraft:spruce_planks":72,"minecraft:iron_helmet":1,"minecraft:wooden_pickaxe":1,"minecraft:iron_sword":1,"minecraft:stone_axe":1,"minecraft:air":0,"minecraft:iron_chestplate":1,"minecraft:shield":1,"minecraft:stick":48,"minecraft:iron_ingot":71,"minecraft:iron_pickaxe":1,"minecraft:wooden_axe":3,"minecraft:iron_shovel":5,"minecraft:iron_leggings":1,"minecraft:torch":120},"minecraft:mined":{"minecraft:spruce_planks":6,"minecraft:mossy_cobblestone":6,"valhelsia_structures:white_sleeping_bag":3,"minecraft:deepslate_diamond_ore":1,"minecraft:obsidian":1,"minecraft:granite":125,"minecraft:grass_block":394,"minecraft:spruce_leaves":6,"minecraft:sandstone":30,"minecraft:spawner":1,"minecraft:hay_block":6,"minecraft:raw_iron_block":5,"minecraft:iron_ore":325,"minecraft:andesite":67,"valhelsia_structures:green_metal_framed_glass_pane":2,"minecraft:stripped_spruce_log":1,"minecraft:deepslate_iron_ore":3,"minecraft:iron_bars":1,"projectvibrantjourneys:seashells":12,"minecraft:stone":935,"minecraft:cake":2,"minecraft:crafting_table":6,"minecraft:torch":2,"projectvibrantjourneys:twigs":2,"minecraft:blast_furnace":3,"minecraft:rose_bush":1,"minecraft:copper_ore":3,"minecraft:cobblestone":1,"biomesoplenty:sprout":11,"minecraft:deepslate_gold_ore":6,"minecraft:bricks":8,"minecraft:diorite":81,"minecraft:air":8,"minecraft:purple_bed":1,"minecraft:brick_slab":1,"minecraft:lilac":2,"minecraft:spruce_log":63,"biomesoplenty:fir_log":206,"minecraft:stone_brick_stairs":2,"minecraft:grass":12,"minecraft:oak_log":9,"minecraft:coal_ore":172,"projectvibrantjourneys:short_grass":20,"biomesoplenty:fir_leaves":2,"minecraft:cyan_carpet":1,"minecraft:gravel":9,"minecraft:sunflower":1,"minecraft:dirt":440,"minecraft:sand":23,"minecraft:gold_ore":1,"minecraft:deepslate":8,"minecraft:oak_leaves":10,"minecraft:fern":1}},"DataVersion":3465}