{"stats":{"minecraft:custom":{"minecraft:mob_kills":50,"minecraft:interact_with_anvil":2,"minecraft:interact_with_crafting_table":27,"minecraft:open_barrel":17,"minecraft:eat_cake_slice":30,"minecraft:leave_game":7,"minecraft:time_since_death":112801,"minecraft:climb_one_cm":4369,"minecraft:sprint_one_cm":718726,"minecraft:walk_one_cm":175650,"minecraft:drop":56,"minecraft:play_time":112801,"minecraft:sneak_time":1100,"minecraft:walk_under_water_one_cm":2500,"minecraft:jump":122,"minecraft:interact_with_blast_furnace":18,"minecraft:walk_on_water_one_cm":11426,"minecraft:total_world_time":112801,"minecraft:interact_with_furnace":9,"minecraft:sleep_in_bed":2,"minecraft:time_since_rest":35686,"minecraft:damage_taken":832,"minecraft:damage_dealt":8885,"minecraft:swim_one_cm":18837,"minecraft:fly_one_cm":918,"minecraft:player_kills":1,"minecraft:open_chest":63,"minecraft:crouch_one_cm":3258,"minecraft:interact_with_smoker":20,"minecraft:fall_one_cm":209},"minecraft:picked_up":{"minecraft:crafting_table":4,"minecraft:prismarine_shard":5,"minecraft:stone_brick_stairs":1,"minecraft:string":2,"minecraft:raw_copper":9,"minecraft:cyan_carpet":1,"minecraft:cobbled_deepslate":7,"minecraft:spruce_planks":6,"minecraft:beef":14,"minecraft:rose_bush":1,"minecraft:light_gray_wool":1,"minecraft:egg":1,"minecraft:sandstone":30,"minecraft:raw_iron":327,"minecraft:stick":20,"projectvibrantjourneys:bark_mushroom":3,"minecraft:porkchop":1,"minecraft:diorite":81,"minecraft:carrot":1,"valhelsia_structures:white_sleeping_bag":2,"minecraft:arrow":2,"minecraft:rotten_flesh":11,"minecraft:hay_block":6,"minecraft:mutton":13,"minecraft:obsidian":1,"minecraft:iron_bars":1,"minecraft:white_wool":7,"minecraft:cobblestone":931,"minecraft:lilac":1,"minecraft:salmon":3,"minecraft:andesite":67,"projectvibrantjourneys:fallen_leaves":1,"minecraft:leather":7,"biomesoplenty:fir_sapling":22,"biomesoplenty:fir_log":82,"minecraft:mushroom_stew":2,"projectvibrantjourneys:sea_oats":2,"minecraft:dirt":109,"minecraft:bone":5,"minecraft:wheat_seeds":4,"minecraft:raw_gold":7,"projectvibrantjourneys:light_brown_bark_mushroom":3,"minecraft:cooked_porkchop":1,"valhelsia_structures:green_metal_framed_glass_pane":2,"minecraft:raw_iron_block":5,"minecraft:gravel":8,"minecraft:sand":18,"minecraft:spruce_sapling":14,"minecraft:blast_furnace":3,"minecraft:spruce_log":55,"minecraft:spider_eye":1,"minecraft:mossy_cobblestone":6,"minecraft:brick_slab":1,"minecraft:granite":124,"projectvibrantjourneys:orange_bark_mushroom":3,"minecraft:coal":197,"minecraft:bricks":13,"minecraft:ender_pearl":1,"minecraft:sunflower":1},"minecraft:used":{"minecraft:iron_shovel":20,"valhelsia_structures:white_sleeping_bag":2,"minecraft:stone_shovel":122,"minecraft:spruce_planks":9,"minecraft:chest":6,"minecraft:iron_sword":27,"minecraft:wooden_shovel":5,"minecraft:iron_chestplate":2,"minecraft:dirt":14,"minecraft:anvil":1,"minecraft:hopper":2,"minecraft:wooden_axe":70,"biomesoplenty:fir_sapling":4,"minecraft:iron_axe":150,"minecraft:iron_helmet":1,"minecraft:rabbit_stew":1,"minecraft:furnace":1,"minecraft:cooked_beef":9,"minecraft:iron_leggings":3,"minecraft:water_bucket":2,"minecraft:stone_pickaxe":75,"minecraft:leather_chestplate":1,"minecraft:wooden_pickaxe":27,"minecraft:chainmail_helmet":1,"minecraft:salmon":3,"minecraft:crafting_table":8,"minecraft:mushroom_stew":2,"minecraft:blast_furnace":3,"minecraft:cake":3,"minecraft:smoker":1,"minecraft:diamond_pickaxe":1681,"minecraft:apple":6,"minecraft:stone_axe":33,"minecraft:cobblestone":24,"minecraft:cooked_porkchop":1,"minecraft:bucket":2},"minecraft:crafted":{"minecraft:stone_shovel":1,"minecraft:furnace":2,"minecraft:cooked_mutton":13,"minecraft:hopper":2,"minecraft:stone_pickaxe":1,"minecraft:chest":8,"minecraft:smoker":1,"minecraft:cooked_beef":14,"valhelsia_structures:white_sleeping_bag":2,"minecraft:wooden_shovel":1,"minecraft:cooked_porkchop":1,"minecraft:crafting_table":4,"minecraft:spruce_planks":72,"minecraft:wooden_pickaxe":1,"minecraft:stone_axe":1,"minecraft:air":0,"minecraft:stick":12,"minecraft:iron_ingot":71,"minecraft:wooden_axe":3},"minecraft:killed":{"minecraft:spider":3,"minecraft:skeleton":11,"minecraft:drowned":2,"minecraft:husk":2,"minecraft:pig":1,"minecraft:salmon":3,"minecraft:creeper":3,"minecraft:sheep":8,"minecraft:zombie":9,"minecraft:enderman":1,"minecraft:cow":7},"minecraft:mined":{"minecraft:spruce_planks":6,"minecraft:mossy_cobblestone":6,"valhelsia_structures:white_sleeping_bag":2,"minecraft:obsidian":1,"minecraft:granite":125,"minecraft:grass_block":32,"minecraft:spruce_leaves":4,"minecraft:sandstone":30,"minecraft:spawner":1,"minecraft:hay_block":6,"minecraft:raw_iron_block":5,"minecraft:iron_ore":325,"minecraft:andesite":67,"valhelsia_structures:green_metal_framed_glass_pane":2,"minecraft:deepslate_iron_ore":2,"minecraft:iron_bars":1,"projectvibrantjourneys:seashells":12,"minecraft:stone":934,"minecraft:cake":2,"minecraft:crafting_table":4,"projectvibrantjourneys:twigs":1,"minecraft:blast_furnace":3,"minecraft:rose_bush":1,"minecraft:copper_ore":3,"biomesoplenty:sprout":5,"minecraft:deepslate_gold_ore":6,"minecraft:bricks":8,"minecraft:diorite":81,"minecraft:air":6,"minecraft:brick_slab":1,"minecraft:lilac":2,"minecraft:spruce_log":46,"biomesoplenty:fir_log":82,"minecraft:stone_brick_stairs":2,"minecraft:grass":5,"minecraft:coal_ore":172,"projectvibrantjourneys:short_grass":8,"biomesoplenty:fir_leaves":2,"minecraft:sand":18,"minecraft:gravel":9,"minecraft:sunflower":1,"minecraft:cyan_carpet":1,"minecraft:dirt":85,"minecraft:gold_ore":1,"minecraft:deepslate":7,"minecraft:oak_leaves":1,"minecraft:fern":1},"minecraft:broken":{"minecraft:wooden_axe":1},"minecraft:dropped":{"minecraft:water_bucket":1,"minecraft:wheat_seeds":3,"minecraft:lilac":1,"minecraft:mossy_cobblestone":6,"valhelsia_structures:white_sleeping_bag":1,"minecraft:prismarine_shard":1,"minecraft:cobblestone":455,"minecraft:leather":7,"minecraft:granite":41,"projectvibrantjourneys:orange_bark_mushroom":2,"minecraft:dirt":95,"minecraft:diorite":41,"projectvibrantjourneys:fallen_leaves":1,"minecraft:rose_bush":1,"minecraft:sunflower":1,"minecraft:sand":18,"minecraft:string":2,"valhelsia_structures:green_metal_framed_glass_pane":2,"projectvibrantjourneys:bark_mushroom":2,"minecraft:cyan_carpet":1,"minecraft:spruce_sapling":14,"minecraft:bone":5,"minecraft:gravel":8,"minecraft:bricks":13,"minecraft:cobbled_deepslate":7,"minecraft:raw_copper":7,"minecraft:bowl":2,"minecraft:stone_shovel":1,"minecraft:rotten_flesh":9,"minecraft:light_gray_wool":1,"projectvibrantjourneys:sea_oats":2,"projectvibrantjourneys:light_brown_bark_mushroom":3,"minecraft:iron_chestplate":1,"minecraft:andesite":56,"minecraft:spider_eye":1,"minecraft:sandstone":30,"minecraft:iron_bars":1,"minecraft:wooden_pickaxe":1,"minecraft:brick_slab":1}},"DataVersion":3465}