{"stats":{"minecraft:custom":{"minecraft:time_since_rest":11728,"minecraft:sprint_one_cm":90315,"minecraft:damage_taken":273,"minecraft:walk_one_cm":26594,"minecraft:mob_kills":8,"minecraft:damage_dealt":1957,"minecraft:swim_one_cm":1291,"minecraft:interact_with_crafting_table":5,"minecraft:fly_one_cm":318,"minecraft:player_kills":1,"minecraft:open_barrel":4,"minecraft:open_chest":1,"minecraft:crouch_one_cm":204,"minecraft:play_time":11728,"minecraft:sneak_time":75,"minecraft:walk_under_water_one_cm":99,"minecraft:jump":37,"minecraft:eat_cake_slice":7,"minecraft:interact_with_blast_furnace":1,"minecraft:leave_game":4,"minecraft:walk_on_water_one_cm":139,"minecraft:time_since_death":11728,"minecraft:total_world_time":11728},"minecraft:used":{"minecraft:wooden_axe":53,"minecraft:wooden_pickaxe":2,"minecraft:leather_chestplate":1,"minecraft:crafting_table":3,"minecraft:cooked_porkchop":1,"minecraft:iron_leggings":1},"minecraft:crafted":{"minecraft:crafting_table":1,"minecraft:spruce_planks":72,"minecraft:stick":12,"minecraft:wooden_pickaxe":1,"minecraft:wooden_axe":2},"minecraft:picked_up":{"minecraft:stick":5,"minecraft:crafting_table":2,"minecraft:cooked_porkchop":1,"projectvibrantjourneys:fallen_leaves":1,"minecraft:leather":4,"minecraft:spruce_sapling":10,"minecraft:spruce_log":20,"minecraft:bone":2,"minecraft:hay_block":6,"minecraft:beef":7,"projectvibrantjourneys:orange_bark_mushroom":2,"minecraft:egg":1},"minecraft:mined":{"minecraft:hay_block":6,"minecraft:spruce_log":20,"minecraft:crafting_table":2,"projectvibrantjourneys:short_grass":1,"minecraft:cyan_carpet":1,"biomesoplenty:sprout":1,"minecraft:spruce_leaves":1,"minecraft:spawner":1},"minecraft:killed":{"minecraft:skeleton":3,"minecraft:husk":1,"minecraft:cow":4}},"DataVersion":3465}