{"stats":{"minecraft:crafted":{"minecraft:stone_shovel":1,"minecraft:furnace":2,"minecraft:cooked_mutton":13,"minecraft:hopper":2,"minecraft:iron_boots":1,"minecraft:iron_axe":1,"minecraft:stone_pickaxe":1,"minecraft:chest":8,"minecraft:smoker":1,"minecraft:cooked_beef":14,"valhelsia_structures:white_sleeping_bag":2,"minecraft:wooden_shovel":1,"minecraft:cooked_porkchop":1,"minecraft:crafting_table":5,"minecraft:spruce_planks":72,"minecraft:wooden_pickaxe":1,"minecraft:iron_helmet":1,"minecraft:iron_sword":1,"minecraft:stone_axe":9,"minecraft:air":0,"minecraft:oak_boat":1,"minecraft:iron_chestplate":1,"minecraft:shield":2,"minecraft:stick":48,"minecraft:iron_ingot":71,"minecraft:iron_pickaxe":1,"minecraft:wooden_axe":3,"minecraft:iron_shovel":5,"minecraft:iron_leggings":1,"minecraft:torch":120},"minecraft:dropped":{"biomesoplenty:fir_log":1029,"minecraft:water_bucket":1,"minecraft:iron_ingot":128,"minecraft:iron_sword":1,"minecraft:stripped_spruce_log":1,"minecraft:wheat_seeds":24,"minecraft:cooked_beef":8,"minecraft:lilac":1,"minecraft:oak_log":4,"minecraft:mossy_cobblestone":6,"minecraft:ender_pearl":1,"minecraft:diamond":3,"valhelsia_structures:white_sleeping_bag":1,"minecraft:prismarine_shard":1,"minecraft:iron_helmet":2,"minecraft:cobblestone":583,"minecraft:leather":10,"minecraft:granite":41,"minecraft:grass_block":1,"projectvibrantjourneys:orange_bark_mushroom":2,"minecraft:mushroom_stew":3,"biomesoplenty:fir_sapling":81,"minecraft:oxeye_daisy":9,"minecraft:dirt":154,"minecraft:diorite":41,"minecraft:torch":64,"projectvibrantjourneys:fallen_leaves":4,"minecraft:rose_bush":1,"minecraft:iron_leggings":1,"minecraft:bone_meal":1,"minecraft:sunflower":1,"minecraft:sand":18,"minecraft:iron_axe":1,"minecraft:iron_pickaxe":1,"minecraft:iron_shovel":2,"minecraft:string":6,"valhelsia_structures:green_metal_framed_glass_pane":2,"projectvibrantjourneys:bark_mushroom":13,"minecraft:spruce_sapling":14,"minecraft:cyan_carpet":1,"minecraft:dandelion":36,"minecraft:bone":12,"minecraft:gravel":8,"minecraft:bricks":13,"minecraft:stone_axe":4,"minecraft:cobbled_deepslate":8,"minecraft:raw_copper":7,"minecraft:bowl":2,"minecraft:raw_iron":2,"minecraft:stone_shovel":1,"minecraft:rotten_flesh":27,"minecraft:light_gray_wool":1,"minecraft:iron_boots":1,"projectvibrantjourneys:sea_oats":2,"minecraft:poppy":4,"projectvibrantjourneys:light_brown_bark_mushroom":7,"minecraft:shield":1,"minecraft:gunpowder":5,"minecraft:spruce_planks":1,"minecraft:iron_chestplate":2,"minecraft:andesite":56,"minecraft:oak_sapling":7,"minecraft:spider_eye":2,"minecraft:spruce_log":28,"minecraft:sandstone":30,"minecraft:iron_bars":1,"minecraft:arrow":3,"minecraft:wooden_pickaxe":1,"projectvibrantjourneys:cattail":2,"minecraft:raw_gold":14,"minecraft:brick_slab":1},"minecraft:used":{"minecraft:iron_shovel":848,"valhelsia_structures:white_sleeping_bag":3,"minecraft:stone_shovel":122,"minecraft:chest":6,"minecraft:spruce_planks":9,"minecraft:shield":7,"minecraft:iron_sword":192,"minecraft:wooden_shovel":5,"minecraft:iron_chestplate":2,"minecraft:orange_bed":1,"minecraft:torch":32,"minecraft:dirt":87,"minecraft:anvil":1,"minecraft:hopper":2,"minecraft:wooden_axe":70,"minecraft:lava_bucket":1,"minecraft:iron_axe":468,"minecraft:grass_block":23,"biomesoplenty:fir_sapling":4,"minecraft:iron_helmet":1,"minecraft:rabbit_stew":1,"minecraft:furnace":1,"minecraft:cooked_beef":11,"minecraft:iron_leggings":3,"minecraft:cooked_mutton":13,"minecraft:water_bucket":2,"minecraft:stone_pickaxe":75,"minecraft:ender_pearl":1,"minecraft:wooden_pickaxe":27,"minecraft:leather_chestplate":1,"minecraft:chainmail_helmet":1,"minecraft:salmon":3,"minecraft:crafting_table":15,"minecraft:red_bed":1,"minecraft:mushroom_stew":3,"minecraft:blast_furnace":3,"minecraft:painting":12,"minecraft:cake":4,"minecraft:smoker":1,"minecraft:diamond_pickaxe":1734,"minecraft:apple":14,"minecraft:purple_bed":3,"minecraft:stone_axe":627,"minecraft:cobblestone":102,"minecraft:cooked_porkchop":1,"minecraft:bucket":3,"minecraft:yellow_bed":1,"minecraft:oak_boat":2,"minecraft:bone_meal":32},"minecraft:custom":{"minecraft:interact_with_anvil":2,"minecraft:mob_kills":115,"minecraft:inspect_hopper":1,"minecraft:interact_with_crafting_table":45,"minecraft:open_barrel":19,"minecraft:eat_cake_slice":30,"minecraft:leave_game":15,"minecraft:time_since_death":298178,"minecraft:climb_one_cm":6928,"minecraft:sprint_one_cm":1859249,"minecraft:walk_one_cm":650101,"minecraft:damage_blocked_by_shield":195,"minecraft:drop":149,"minecraft:play_time":298178,"minecraft:sneak_time":4720,"minecraft:walk_under_water_one_cm":5713,"minecraft:boat_one_cm":139905,"minecraft:jump":294,"minecraft:interact_with_blast_furnace":25,"minecraft:walk_on_water_one_cm":19963,"minecraft:total_world_time":298178,"minecraft:interact_with_furnace":15,"minecraft:sleep_in_bed":9,"minecraft:waystone_activated":1,"minecraft:time_since_rest":66928,"minecraft:damage_taken":1284,"minecraft:damage_dealt":20955,"minecraft:player_kills":2,"minecraft:swim_one_cm":38711,"minecraft:fly_one_cm":4678,"minecraft:open_chest":115,"minecraft:crouch_one_cm":8044,"minecraft:interact_with_smoker":25,"minecraft:fall_one_cm":209},"minecraft:broken":{"minecraft:iron_axe":1,"minecraft:stone_axe":3,"minecraft:iron_sword":1,"minecraft:wooden_axe":1},"minecraft:mined":{"minecraft:spruce_planks":6,"minecraft:mossy_cobblestone":6,"valhelsia_structures:white_sleeping_bag":3,"minecraft:deepslate_diamond_ore":1,"minecraft:obsidian":1,"minecraft:ladder":3,"minecraft:granite":125,"minecraft:grass_block":484,"minecraft:spruce_leaves":8,"minecraft:sandstone":30,"minecraft:spawner":1,"minecraft:hay_block":6,"minecraft:raw_iron_block":5,"minecraft:iron_ore":325,"minecraft:fire":1,"minecraft:andesite":67,"valhelsia_structures:green_metal_framed_glass_pane":2,"minecraft:stripped_spruce_log":1,"minecraft:deepslate_iron_ore":3,"minecraft:iron_bars":1,"projectvibrantjourneys:seashells":12,"minecraft:stone":935,"minecraft:cake":2,"projectvibrantjourneys:cattail":2,"minecraft:dandelion":1,"minecraft:oak_fence":2,"minecraft:crafting_table":11,"minecraft:torch":2,"projectvibrantjourneys:twigs":2,"minecraft:blast_furnace":3,"minecraft:rose_bush":1,"minecraft:copper_ore":3,"minecraft:tall_grass":1,"minecraft:cobblestone":48,"biomesoplenty:sprout":11,"minecraft:deepslate_gold_ore":6,"minecraft:bricks":8,"minecraft:diorite":81,"minecraft:wall_torch":1,"minecraft:air":12,"minecraft:seagrass":1,"minecraft:purple_bed":1,"minecraft:brick_slab":1,"minecraft:spruce_log":63,"minecraft:lilac":2,"projectvibrantjourneys:bones":1,"biomesoplenty:fir_log":832,"minecraft:stone_brick_stairs":2,"minecraft:grass":21,"minecraft:coal_ore":172,"minecraft:oak_log":10,"minecraft:cyan_carpet":1,"projectvibrantjourneys:short_grass":26,"biomesoplenty:fir_leaves":48,"minecraft:gravel":9,"minecraft:dirt":443,"minecraft:sunflower":1,"minecraft:sand":23,"minecraft:gold_ore":1,"minecraft:deepslate":8,"minecraft:oak_leaves":12,"minecraft:fern":5},"minecraft:killed":{"minecraft:spider":6,"minecraft:skeleton":25,"minecraft:drowned":6,"minecraft:husk":2,"minecraft:pig":1,"minecraft:salmon":6,"minecraft:creeper":12,"minecraft:sheep":8,"minecraft:pillager":8,"minecraft:zombie":29,"minecraft:enderman":1,"minecraft:cow":9},"minecraft:picked_up":{"minecraft:crafting_table":11,"minecraft:wheat":60,"minecraft:ladder":1,"minecraft:prismarine_shard":5,"minecraft:stone_brick_stairs":1,"minecraft:string":8,"minecraft:raw_copper":9,"minecraft:cyan_carpet":1,"minecraft:cobbled_deepslate":8,"minecraft:spruce_planks":6,"minecraft:beef":20,"minecraft:oak_boat":2,"minecraft:rose_bush":1,"minecraft:poppy":4,"minecraft:light_gray_wool":1,"minecraft:egg":1,"minecraft:stick":75,"minecraft:raw_iron":329,"minecraft:sandstone":30,"projectvibrantjourneys:bark_mushroom":14,"minecraft:oak_fence":2,"minecraft:torch":9,"minecraft:porkchop":1,"minecraft:diorite":81,"minecraft:carrot":1,"valhelsia_structures:white_sleeping_bag":3,"minecraft:orange_bed":2,"minecraft:arrow":16,"minecraft:rotten_flesh":30,"minecraft:hay_block":6,"projectvibrantjourneys:cattail":2,"minecraft:obsidian":1,"minecraft:mutton":13,"minecraft:iron_bars":1,"minecraft:white_wool":7,"minecraft:cobblestone":980,"minecraft:oxeye_daisy":9,"minecraft:lilac":2,"minecraft:andesite":67,"minecraft:salmon":7,"projectvibrantjourneys:fallen_leaves":9,"minecraft:leather":10,"biomesoplenty:fir_sapling":103,"biomesoplenty:fir_log":1111,"minecraft:mushroom_stew":3,"minecraft:oak_log":14,"minecraft:gunpowder":8,"projectvibrantjourneys:sea_oats":2,"minecraft:dirt":897,"minecraft:bone":27,"minecraft:apple":3,"minecraft:wheat_seeds":35,"minecraft:raw_gold":14,"projectvibrantjourneys:light_brown_bark_mushroom":7,"minecraft:cooked_porkchop":1,"valhelsia_structures:green_metal_framed_glass_pane":2,"minecraft:dandelion":36,"minecraft:raw_iron_block":5,"minecraft:gravel":8,"minecraft:sand":23,"minecraft:stripped_spruce_log":1,"minecraft:spruce_sapling":26,"minecraft:blast_furnace":3,"minecraft:spruce_log":83,"minecraft:spider_eye":2,"minecraft:mossy_cobblestone":6,"minecraft:brick_slab":1,"minecraft:purple_bed":1,"minecraft:diamond":1,"minecraft:iron_helmet":1,"minecraft:granite":124,"minecraft:painting":12,"projectvibrantjourneys:orange_bark_mushroom":3,"minecraft:oak_sapling":9,"minecraft:bricks":13,"minecraft:coal":197,"minecraft:sunflower":1,"minecraft:ender_pearl":2}},"DataVersion":3465}