{"stats":{"minecraft:used":{"minecraft:water_bucket":1,"valhelsia_structures:white_sleeping_bag":1,"minecraft:stone_pickaxe":75,"minecraft:stone_shovel":122,"minecraft:chest":2,"minecraft:leather_chestplate":1,"minecraft:wooden_pickaxe":27,"minecraft:iron_sword":23,"minecraft:chainmail_helmet":1,"minecraft:wooden_shovel":5,"minecraft:iron_chestplate":2,"minecraft:dirt":14,"minecraft:anvil":1,"minecraft:crafting_table":8,"minecraft:mushroom_stew":2,"minecraft:blast_furnace":2,"minecraft:cake":3,"minecraft:wooden_axe":70,"minecraft:diamond_pickaxe":498,"minecraft:apple":6,"minecraft:iron_axe":19,"minecraft:iron_helmet":1,"minecraft:rabbit_stew":1,"minecraft:stone_axe":33,"minecraft:cobblestone":18,"minecraft:furnace":1,"minecraft:cooked_porkchop":1,"minecraft:bucket":1,"minecraft:cooked_beef":3,"minecraft:iron_leggings":3},"minecraft:custom":{"minecraft:interact_with_furnace":7,"minecraft:interact_with_anvil":2,"minecraft:mob_kills":32,"minecraft:interact_with_crafting_table":16,"minecraft:open_barrel":17,"minecraft:eat_cake_slice":30,"minecraft:leave_game":6,"minecraft:time_since_death":63826,"minecraft:sleep_in_bed":1,"minecraft:climb_one_cm":4369,"minecraft:time_since_rest":15819,"minecraft:sprint_one_cm":471461,"minecraft:damage_taken":620,"minecraft:walk_one_cm":105963,"minecraft:drop":29,"minecraft:damage_dealt":5839,"minecraft:swim_one_cm":6511,"minecraft:fly_one_cm":438,"minecraft:player_kills":1,"minecraft:open_chest":36,"minecraft:crouch_one_cm":2101,"minecraft:play_time":63826,"minecraft:sneak_time":703,"minecraft:walk_under_water_one_cm":492,"minecraft:jump":93,"minecraft:interact_with_blast_furnace":9,"minecraft:walk_on_water_one_cm":5712,"minecraft:fall_one_cm":209,"minecraft:total_world_time":63826},"minecraft:picked_up":{"minecraft:crafting_table":4,"minecraft:lilac":1,"minecraft:andesite":5,"minecraft:prismarine_shard":1,"projectvibrantjourneys:fallen_leaves":1,"minecraft:leather":7,"minecraft:mushroom_stew":2,"minecraft:stone_brick_stairs":1,"minecraft:dirt":103,"minecraft:raw_copper":2,"minecraft:bone":3,"minecraft:cyan_carpet":1,"minecraft:wheat_seeds":4,"minecraft:beef":14,"minecraft:rose_bush":1,"minecraft:light_gray_wool":1,"minecraft:egg":1,"minecraft:raw_iron":123,"projectvibrantjourneys:light_brown_bark_mushroom":1,"minecraft:stick":7,"minecraft:cooked_porkchop":1,"valhelsia_structures:green_metal_framed_glass_pane":2,"projectvibrantjourneys:bark_mushroom":2,"minecraft:raw_iron_block":5,"minecraft:gravel":8,"minecraft:porkchop":1,"minecraft:blast_furnace":2,"minecraft:diorite":40,"minecraft:spruce_sapling":14,"minecraft:spruce_log":51,"minecraft:carrot":1,"valhelsia_structures:white_sleeping_bag":1,"minecraft:mossy_cobblestone":6,"minecraft:brick_slab":1,"minecraft:rotten_flesh":8,"minecraft:hay_block":6,"minecraft:ender_pearl":1,"minecraft:granite":66,"minecraft:obsidian":1,"minecraft:iron_bars":1,"minecraft:bricks":13,"projectvibrantjourneys:orange_bark_mushroom":2,"minecraft:mutton":13,"minecraft:coal":1,"minecraft:white_wool":7,"minecraft:cobblestone":334,"minecraft:sunflower":1},"minecraft:dropped":{"minecraft:gravel":8,"minecraft:bricks":8,"minecraft:wheat_seeds":3,"minecraft:lilac":1,"minecraft:mossy_cobblestone":6,"minecraft:bowl":2,"valhelsia_structures:white_sleeping_bag":1,"minecraft:prismarine_shard":1,"minecraft:rotten_flesh":6,"minecraft:light_gray_wool":1,"minecraft:leather":7,"projectvibrantjourneys:orange_bark_mushroom":2,"minecraft:dirt":89,"projectvibrantjourneys:light_brown_bark_mushroom":1,"minecraft:iron_chestplate":1,"projectvibrantjourneys:fallen_leaves":1,"minecraft:rose_bush":1,"minecraft:sunflower":1,"minecraft:iron_bars":1,"minecraft:wooden_pickaxe":1,"valhelsia_structures:green_metal_framed_glass_pane":2,"projectvibrantjourneys:bark_mushroom":2,"minecraft:cyan_carpet":1,"minecraft:spruce_sapling":14,"minecraft:bone":3},"minecraft:broken":{"minecraft:wooden_axe":1},"minecraft:killed":{"minecraft:husk":2,"minecraft:pig":1,"minecraft:creeper":2,"minecraft:sheep":8,"minecraft:skeleton":6,"minecraft:zombie":5,"minecraft:enderman":1,"minecraft:cow":7},"minecraft:mined":{"minecraft:mossy_cobblestone":6,"valhelsia_structures:white_sleeping_bag":1,"minecraft:obsidian":1,"minecraft:crafting_table":4,"minecraft:granite":66,"minecraft:blast_furnace":2,"minecraft:grass_block":31,"minecraft:rose_bush":1,"minecraft:copper_ore":1,"biomesoplenty:sprout":4,"minecraft:spruce_leaves":4,"minecraft:bricks":8,"minecraft:diorite":40,"minecraft:brick_slab":1,"minecraft:raw_iron_block":5,"minecraft:spawner":1,"minecraft:air":6,"minecraft:hay_block":6,"minecraft:iron_ore":123,"minecraft:lilac":2,"minecraft:spruce_log":42,"minecraft:andesite":5,"valhelsia_structures:green_metal_framed_glass_pane":2,"minecraft:stone_brick_stairs":2,"minecraft:grass":5,"minecraft:coal_ore":1,"projectvibrantjourneys:short_grass":6,"biomesoplenty:fir_leaves":2,"minecraft:iron_bars":1,"minecraft:gravel":9,"minecraft:sunflower":1,"minecraft:cyan_carpet":1,"minecraft:dirt":80,"projectvibrantjourneys:seashells":1,"minecraft:stone":335,"minecraft:fern":1,"minecraft:cake":2},"minecraft:crafted":{"valhelsia_structures:white_sleeping_bag":2,"minecraft:wooden_shovel":1,"minecraft:stone_shovel":1,"minecraft:crafting_table":4,"minecraft:spruce_planks":72,"minecraft:wooden_pickaxe":1,"minecraft:furnace":1,"minecraft:stone_axe":1,"minecraft:stick":12,"minecraft:stone_pickaxe":1,"minecraft:wooden_axe":3,"minecraft:chest":2}},"DataVersion":3465}