{"stats":{"minecraft:crafted":{"minecraft:furnace":1,"minecraft:cobblestone_stairs":4,"minecraft:cooked_mutton":3,"minecraft:spruce_stairs":4,"minecraft:iron_boots":2,"minecraft:iron_axe":1,"minecraft:spruce_wood":3,"minecraft:iron_hoe":1,"minecraft:chest":3,"minecraft:cooked_beef":8,"minecraft:spruce_planks":14,"minecraft:iron_helmet":2,"minecraft:wooden_pickaxe":1,"minecraft:baked_potato":15,"minecraft:iron_sword":2,"minecraft:bucket":1,"minecraft:bread":20,"minecraft:air":0,"minecraft:iron_chestplate":2,"minecraft:stick":24,"minecraft:iron_pickaxe":2,"minecraft:iron_shovel":2,"minecraft:iron_leggings":2,"minecraft:shears":1},"minecraft:dropped":{"minecraft:bread":21,"minecraft:iron_sword":2,"minecraft:wheat_seeds":5,"minecraft:oak_log":3,"minecraft:lilac":11,"minecraft:ender_pearl":3,"minecraft:iron_helmet":1,"minecraft:leather":1,"projectvibrantjourneys:orange_bark_mushroom":4,"minecraft:grass":3,"projectvibrantjourneys:fallen_leaves":1,"minecraft:rose_bush":2,"minecraft:iron_leggings":4,"minecraft:sunflower":2,"minecraft:iron_axe":1,"minecraft:iron_pickaxe":1,"minecraft:iron_shovel":1,"minecraft:string":2,"minecraft:spruce_sapling":9,"minecraft:stone_axe":1,"minecraft:rotten_flesh":13,"projectvibrantjourneys:short_grass":5,"minecraft:iron_boots":1,"minecraft:iron_hoe":1,"biomesoplenty:sprout":2,"minecraft:lily_of_the_valley":1,"minecraft:poppy":1,"projectvibrantjourneys:light_brown_bark_mushroom":3,"biomesoplenty:fir_planks":6,"minecraft:iron_chestplate":1,"minecraft:oak_sapling":1,"minecraft:spider_eye":1,"minecraft:spruce_log":1},"minecraft:killed_by":{"minecraft:player":2,"minecraft:creeper":2,"minecraft:zombie":1},"minecraft:used":{"minecraft:iron_shovel":200,"minecraft:redstone":2,"minecraft:chest":3,"minecraft:spruce_planks":93,"minecraft:iron_sword":157,"minecraft:dirt":227,"minecraft:spruce_stairs":4,"minecraft:carrot":5,"minecraft:iron_axe":255,"minecraft:spruce_wood":4,"minecraft:grass_block":1,"minecraft:beef":4,"minecraft:sweet_berries":50,"minecraft:furnace":1,"minecraft:cooked_cod":1,"minecraft:egg":2,"minecraft:cooked_beef":15,"minecraft:cooked_mutton":1,"minecraft:water_bucket":10,"minecraft:cobblestone_stairs":2,"minecraft:baked_potato":15,"minecraft:ender_pearl":1,"minecraft:wooden_pickaxe":9,"biomesoplenty:fir_planks":2,"minecraft:crafting_table":3,"minecraft:cod":9,"minecraft:shears":99,"minecraft:spruce_log":67,"minecraft:chicken":1,"minecraft:bread":18,"minecraft:iron_pickaxe":77,"minecraft:gravel":3,"minecraft:stone_axe":20,"minecraft:cobblestone":168,"minecraft:purple_bed":7,"minecraft:porkchop":3,"minecraft:bucket":11,"minecraft:pumpkin_pie":13},"minecraft:custom":{"minecraft:mob_kills":59,"minecraft:interact_with_crafting_table":24,"minecraft:open_barrel":12,"minecraft:leave_game":6,"minecraft:time_since_death":28950,"minecraft:climb_one_cm":1656,"minecraft:sprint_one_cm":757727,"minecraft:walk_one_cm":310748,"minecraft:drop":68,"minecraft:talked_to_villager":2,"minecraft:play_time":185445,"minecraft:deaths":5,"minecraft:sneak_time":2343,"minecraft:walk_under_water_one_cm":20441,"minecraft:jump":4370,"minecraft:interact_with_blast_furnace":2,"minecraft:walk_on_water_one_cm":28949,"minecraft:total_world_time":185445,"minecraft:interact_with_furnace":11,"minecraft:tune_noteblock":1,"minecraft:interact_with_loom":1,"minecraft:interact_with_grindstone":1,"minecraft:sleep_in_bed":18,"minecraft:time_since_rest":27249,"minecraft:damage_taken":4593,"minecraft:damage_dealt":12921,"minecraft:player_kills":2,"minecraft:swim_one_cm":122004,"minecraft:fly_one_cm":1053853,"minecraft:open_chest":70,"minecraft:crouch_one_cm":5097,"minecraft:interact_with_smoker":22,"minecraft:fall_one_cm":140168},"minecraft:broken":{"minecraft:iron_axe":1},"minecraft:mined":{"minecraft:spruce_planks":9,"minecraft:mossy_cobblestone":1,"minecraft:cobblestone_stairs":2,"projectvibrantjourneys:rocks":1,"minecraft:grass_block":155,"minecraft:coal_block":3,"minecraft:spruce_leaves":2,"minecraft:spawner":1,"minecraft:anvil":3,"minecraft:spruce_wood":1,"minecraft:stone":7,"minecraft:podzol":2,"minecraft:smithing_table":1,"projectvibrantjourneys:cattail":3,"minecraft:lily_of_the_valley":1,"minecraft:crafting_table":1,"projectvibrantjourneys:twigs":2,"minecraft:rose_bush":2,"minecraft:tall_grass":2,"minecraft:cobblestone":61,"biomesoplenty:sprout":19,"projectvibrantjourneys:fallen_leaves":1,"minecraft:damaged_anvil":1,"minecraft:air":2,"minecraft:purple_bed":7,"minecraft:sweet_berry_bush":16,"minecraft:lilac":12,"minecraft:spruce_log":184,"biomesoplenty:fir_log":2,"minecraft:grass":34,"minecraft:oak_log":1,"projectvibrantjourneys:short_grass":22,"biomesoplenty:fir_leaves":1,"minecraft:sunflower":3,"minecraft:dirt":50,"minecraft:chipped_anvil":3,"minecraft:oak_leaves":99,"minecraft:fern":2},"minecraft:killed":{"minecraft:witch":1,"minecraft:vindicator":2,"minecraft:spider":9,"minecraft:skeleton":10,"minecraft:chicken":1,"minecraft:pig":1,"minecraft:zombie_villager":1,"minecraft:salmon":6,"minecraft:iron_golem":1,"minecraft:creeper":1,"minecraft:zombie":20,"minecraft:enderman":1,"minecraft:cow":5},"minecraft:picked_up":{"minecraft:crafting_table":1,"minecraft:chicken":1,"minecraft:anvil":3,"minecraft:smithing_table":1,"minecraft:string":8,"minecraft:iron_axe":1,"minecraft:iron_leggings":2,"minecraft:spruce_planks":9,"minecraft:beef":9,"minecraft:rose_bush":2,"minecraft:poppy":1,"biomesoplenty:sprout":2,"projectvibrantjourneys:short_grass":5,"minecraft:coal_block":3,"minecraft:egg":4,"minecraft:stick":9,"projectvibrantjourneys:bark_mushroom":3,"minecraft:porkchop":3,"minecraft:redstone":2,"minecraft:arrow":6,"minecraft:rotten_flesh":35,"projectvibrantjourneys:cattail":4,"minecraft:cobblestone":68,"minecraft:oxeye_daisy":1,"minecraft:cooked_beef":8,"minecraft:lilac":11,"minecraft:salmon":6,"projectvibrantjourneys:fallen_leaves":1,"minecraft:leather":3,"biomesoplenty:fir_log":2,"minecraft:oak_log":3,"minecraft:cobblestone_stairs":2,"minecraft:dirt":191,"minecraft:bone":11,"minecraft:chipped_anvil":3,"minecraft:wheat_seeds":19,"minecraft:spruce_wood":1,"minecraft:iron_ingot":101,"minecraft:iron_sword":1,"projectvibrantjourneys:light_brown_bark_mushroom":4,"minecraft:sweet_berries":45,"minecraft:gravel":3,"minecraft:spruce_sapling":19,"minecraft:grass_block":1,"minecraft:spruce_log":170,"minecraft:lily_of_the_valley":1,"minecraft:spider_eye":3,"minecraft:mossy_cobblestone":1,"minecraft:purple_bed":8,"minecraft:grass":3,"minecraft:bread":5,"minecraft:oak_sapling":1,"projectvibrantjourneys:orange_bark_mushroom":5,"minecraft:damaged_anvil":1,"minecraft:oak_leaves":87,"minecraft:ender_pearl":4,"minecraft:sunflower":2}},"DataVersion":3465}