{"stats":{"minecraft:used":{"minecraft:beef":1,"minecraft:crafting_table":1,"minecraft:wooden_pickaxe":3},"minecraft:picked_up":{"projectvibrantjourneys:light_brown_bark_mushroom":1,"minecraft:stick":2,"minecraft:leather":2,"minecraft:wheat_seeds":1,"minecraft:beef":1,"minecraft:spruce_log":5,"minecraft:cobblestone":3},"minecraft:custom":{"minecraft:time_since_rest":9834,"minecraft:crouch_one_cm":998,"minecraft:sprint_one_cm":25670,"minecraft:play_time":9834,"minecraft:damage_taken":150,"minecraft:walk_one_cm":13358,"minecraft:sneak_time":410,"minecraft:mob_kills":1,"minecraft:jump":161,"minecraft:damage_dealt":329,"minecraft:leave_game":1,"minecraft:time_since_death":9834,"minecraft:total_world_time":9834,"minecraft:interact_with_crafting_table":1,"minecraft:fall_one_cm":9454,"minecraft:tune_noteblock":1,"minecraft:fly_one_cm":33378},"minecraft:killed":{"minecraft:cow":1},"minecraft:mined":{"minecraft:grass":2,"projectvibrantjourneys:short_grass":1,"minecraft:spruce_log":5,"minecraft:stone":3},"minecraft:crafted":{"minecraft:wooden_pickaxe":1}},"DataVersion":3465}