{"stats":{"minecraft:custom":{"minecraft:jump":154,"minecraft:time_since_rest":8635,"minecraft:damage_dealt":329,"minecraft:crouch_one_cm":837,"minecraft:sprint_one_cm":22673,"minecraft:play_time":8635,"minecraft:damage_taken":140,"minecraft:time_since_death":8635,"minecraft:walk_one_cm":12961,"minecraft:sneak_time":291,"minecraft:total_world_time":8635,"minecraft:mob_kills":1,"minecraft:tune_noteblock":1,"minecraft:fall_one_cm":9119,"minecraft:fly_one_cm":31249},"minecraft:used":{"minecraft:beef":1},"minecraft:picked_up":{"minecraft:beef":1,"minecraft:stick":2,"minecraft:leather":2},"minecraft:mined":{"minecraft:grass":2},"minecraft:killed":{"minecraft:cow":1}},"DataVersion":3465}