{"stats":{"minecraft:killed":{"minecraft:spider":3,"minecraft:skeleton":3,"minecraft:chicken":1,"minecraft:pig":1,"minecraft:zombie_villager":1,"minecraft:iron_golem":1,"minecraft:zombie":5,"minecraft:enderman":1,"minecraft:cow":4},"minecraft:picked_up":{"minecraft:crafting_table":1,"minecraft:chicken":1,"minecraft:anvil":3,"minecraft:smithing_table":1,"minecraft:string":2,"minecraft:iron_axe":1,"minecraft:spruce_planks":3,"minecraft:beef":8,"minecraft:rose_bush":2,"minecraft:poppy":1,"biomesoplenty:sprout":2,"projectvibrantjourneys:short_grass":5,"minecraft:coal_block":3,"minecraft:egg":1,"minecraft:stick":9,"projectvibrantjourneys:bark_mushroom":3,"minecraft:porkchop":3,"minecraft:rotten_flesh":18,"minecraft:cobblestone":66,"minecraft:oxeye_daisy":1,"minecraft:cooked_beef":8,"minecraft:lilac":11,"projectvibrantjourneys:fallen_leaves":1,"minecraft:leather":2,"biomesoplenty:fir_log":2,"minecraft:oak_log":3,"minecraft:cobblestone_stairs":2,"minecraft:dirt":188,"minecraft:chipped_anvil":3,"minecraft:bone":3,"minecraft:wheat_seeds":16,"minecraft:spruce_wood":1,"minecraft:iron_ingot":101,"minecraft:iron_sword":1,"projectvibrantjourneys:light_brown_bark_mushroom":4,"minecraft:sweet_berries":35,"minecraft:gravel":3,"minecraft:spruce_sapling":19,"minecraft:spruce_log":170,"minecraft:grass_block":1,"minecraft:lily_of_the_valley":1,"minecraft:spider_eye":1,"minecraft:purple_bed":5,"minecraft:grass":3,"minecraft:oak_sapling":1,"projectvibrantjourneys:orange_bark_mushroom":5,"minecraft:damaged_anvil":1,"minecraft:oak_leaves":87,"minecraft:sunflower":2,"minecraft:ender_pearl":4},"minecraft:broken":{"minecraft:iron_axe":1},"minecraft:used":{"minecraft:iron_shovel":200,"minecraft:spruce_planks":93,"minecraft:chest":2,"minecraft:iron_sword":7,"minecraft:dirt":134,"minecraft:spruce_stairs":4,"minecraft:spruce_wood":4,"minecraft:iron_axe":255,"minecraft:grass_block":1,"minecraft:beef":2,"minecraft:sweet_berries":40,"minecraft:furnace":1,"minecraft:egg":1,"minecraft:cooked_beef":8,"minecraft:cobblestone_stairs":2,"minecraft:ender_pearl":1,"minecraft:wooden_pickaxe":9,"biomesoplenty:fir_planks":2,"minecraft:crafting_table":3,"minecraft:shears":99,"minecraft:spruce_log":67,"minecraft:chicken":1,"minecraft:bread":9,"minecraft:iron_pickaxe":72,"minecraft:gravel":3,"minecraft:stone_axe":20,"minecraft:cobblestone":154,"minecraft:purple_bed":5,"minecraft:porkchop":3},"minecraft:custom":{"minecraft:mob_kills":20,"minecraft:interact_with_crafting_table":20,"minecraft:open_barrel":4,"minecraft:leave_game":4,"minecraft:time_since_death":91267,"minecraft:climb_one_cm":1127,"minecraft:sprint_one_cm":371110,"minecraft:walk_one_cm":213827,"minecraft:drop":63,"minecraft:talked_to_villager":2,"minecraft:play_time":111343,"minecraft:deaths":4,"minecraft:sneak_time":1834,"minecraft:walk_under_water_one_cm":3387,"minecraft:jump":1878,"minecraft:interact_with_blast_furnace":2,"minecraft:walk_on_water_one_cm":4589,"minecraft:total_world_time":111343,"minecraft:interact_with_furnace":7,"minecraft:tune_noteblock":1,"minecraft:interact_with_loom":1,"minecraft:sleep_in_bed":12,"minecraft:time_since_rest":4558,"minecraft:damage_taken":2439,"minecraft:damage_dealt":5077,"minecraft:fly_one_cm":416103,"minecraft:swim_one_cm":27818,"minecraft:open_chest":41,"minecraft:crouch_one_cm":4385,"minecraft:interact_with_smoker":2,"minecraft:fall_one_cm":62697},"minecraft:dropped":{"minecraft:bread":1,"minecraft:iron_sword":2,"minecraft:wheat_seeds":5,"minecraft:lilac":11,"minecraft:oak_log":3,"minecraft:ender_pearl":3,"minecraft:iron_helmet":1,"projectvibrantjourneys:orange_bark_mushroom":4,"minecraft:grass":3,"projectvibrantjourneys:fallen_leaves":1,"minecraft:rose_bush":2,"minecraft:iron_leggings":1,"minecraft:sunflower":2,"minecraft:iron_axe":1,"minecraft:iron_pickaxe":1,"minecraft:iron_shovel":1,"minecraft:string":2,"minecraft:spruce_sapling":9,"minecraft:stone_axe":1,"minecraft:rotten_flesh":13,"minecraft:iron_hoe":1,"minecraft:iron_boots":1,"projectvibrantjourneys:short_grass":5,"biomesoplenty:sprout":2,"minecraft:lily_of_the_valley":1,"minecraft:poppy":1,"projectvibrantjourneys:light_brown_bark_mushroom":3,"biomesoplenty:fir_planks":6,"minecraft:iron_chestplate":1,"minecraft:oak_sapling":1,"minecraft:spider_eye":1,"minecraft:spruce_log":1},"minecraft:crafted":{"minecraft:furnace":1,"minecraft:cobblestone_stairs":4,"minecraft:spruce_stairs":4,"minecraft:iron_boots":2,"minecraft:iron_axe":1,"minecraft:spruce_wood":3,"minecraft:iron_hoe":1,"minecraft:chest":2,"minecraft:spruce_planks":14,"minecraft:wooden_pickaxe":1,"minecraft:iron_helmet":2,"minecraft:iron_sword":2,"minecraft:iron_chestplate":2,"minecraft:stick":24,"minecraft:iron_pickaxe":2,"minecraft:iron_shovel":2,"minecraft:iron_leggings":2,"minecraft:shears":1},"minecraft:killed_by":{"minecraft:player":1,"minecraft:creeper":2,"minecraft:zombie":1},"minecraft:mined":{"minecraft:spruce_planks":3,"minecraft:cobblestone_stairs":2,"minecraft:grass_block":155,"minecraft:coal_block":3,"minecraft:anvil":3,"minecraft:spruce_wood":1,"minecraft:stone":7,"minecraft:podzol":2,"minecraft:smithing_table":1,"minecraft:lily_of_the_valley":1,"minecraft:crafting_table":1,"projectvibrantjourneys:twigs":2,"minecraft:rose_bush":2,"minecraft:tall_grass":1,"minecraft:cobblestone":59,"biomesoplenty:sprout":19,"projectvibrantjourneys:fallen_leaves":1,"minecraft:damaged_anvil":1,"minecraft:air":2,"minecraft:purple_bed":5,"minecraft:sweet_berry_bush":10,"minecraft:lilac":12,"minecraft:spruce_log":184,"biomesoplenty:fir_log":2,"minecraft:grass":29,"minecraft:oak_log":1,"projectvibrantjourneys:short_grass":18,"biomesoplenty:fir_leaves":1,"minecraft:sunflower":3,"minecraft:dirt":48,"minecraft:chipped_anvil":3,"minecraft:oak_leaves":99,"minecraft:fern":2}},"DataVersion":3465}