{"stats":{"minecraft:custom":{"minecraft:mob_kills":38,"minecraft:interact_with_crafting_table":24,"minecraft:open_barrel":7,"minecraft:leave_game":5,"minecraft:time_since_death":132127,"minecraft:climb_one_cm":1200,"minecraft:sprint_one_cm":603520,"minecraft:walk_one_cm":258580,"minecraft:drop":64,"minecraft:talked_to_villager":2,"minecraft:play_time":152203,"minecraft:deaths":4,"minecraft:sneak_time":2021,"minecraft:walk_under_water_one_cm":12594,"minecraft:jump":3470,"minecraft:interact_with_blast_furnace":2,"minecraft:walk_on_water_one_cm":17926,"minecraft:total_world_time":152203,"minecraft:interact_with_furnace":11,"minecraft:tune_noteblock":1,"minecraft:interact_with_loom":1,"minecraft:interact_with_grindstone":1,"minecraft:sleep_in_bed":17,"minecraft:time_since_rest":37406,"minecraft:damage_taken":3466,"minecraft:damage_dealt":8221,"minecraft:fly_one_cm":815723,"minecraft:swim_one_cm":38656,"minecraft:open_chest":64,"minecraft:crouch_one_cm":4825,"minecraft:interact_with_smoker":11,"minecraft:fall_one_cm":119774},"minecraft:killed_by":{"minecraft:player":1,"minecraft:creeper":2,"minecraft:zombie":1},"minecraft:picked_up":{"minecraft:crafting_table":1,"minecraft:chicken":1,"minecraft:anvil":3,"minecraft:smithing_table":1,"minecraft:string":5,"minecraft:iron_axe":1,"minecraft:spruce_planks":3,"minecraft:beef":8,"minecraft:rose_bush":2,"minecraft:poppy":1,"biomesoplenty:sprout":2,"projectvibrantjourneys:short_grass":5,"minecraft:coal_block":3,"minecraft:egg":2,"minecraft:stick":9,"projectvibrantjourneys:bark_mushroom":3,"minecraft:porkchop":3,"minecraft:redstone":2,"minecraft:arrow":2,"minecraft:rotten_flesh":25,"projectvibrantjourneys:cattail":3,"minecraft:cobblestone":68,"minecraft:oxeye_daisy":1,"minecraft:cooked_beef":8,"minecraft:lilac":11,"minecraft:salmon":6,"projectvibrantjourneys:fallen_leaves":1,"minecraft:leather":2,"biomesoplenty:fir_log":2,"minecraft:oak_log":3,"minecraft:cobblestone_stairs":2,"minecraft:dirt":189,"minecraft:bone":6,"minecraft:chipped_anvil":3,"minecraft:wheat_seeds":18,"minecraft:spruce_wood":1,"minecraft:iron_ingot":101,"minecraft:iron_sword":1,"projectvibrantjourneys:light_brown_bark_mushroom":4,"minecraft:sweet_berries":45,"minecraft:gravel":3,"minecraft:spruce_sapling":19,"minecraft:grass_block":1,"minecraft:spruce_log":170,"minecraft:lily_of_the_valley":1,"minecraft:spider_eye":2,"minecraft:mossy_cobblestone":1,"minecraft:purple_bed":7,"minecraft:grass":3,"minecraft:oak_sapling":1,"projectvibrantjourneys:orange_bark_mushroom":5,"minecraft:damaged_anvil":1,"minecraft:oak_leaves":87,"minecraft:ender_pearl":4,"minecraft:sunflower":2},"minecraft:used":{"minecraft:iron_shovel":200,"minecraft:redstone":2,"minecraft:chest":3,"minecraft:spruce_planks":93,"minecraft:iron_sword":76,"minecraft:dirt":224,"minecraft:spruce_stairs":4,"minecraft:carrot":3,"minecraft:iron_axe":255,"minecraft:spruce_wood":4,"minecraft:grass_block":1,"minecraft:beef":2,"minecraft:sweet_berries":50,"minecraft:furnace":1,"minecraft:egg":2,"minecraft:cooked_beef":14,"minecraft:water_bucket":5,"minecraft:cobblestone_stairs":2,"minecraft:baked_potato":10,"minecraft:ender_pearl":1,"minecraft:wooden_pickaxe":9,"biomesoplenty:fir_planks":2,"minecraft:crafting_table":3,"minecraft:shears":99,"minecraft:spruce_log":67,"minecraft:chicken":1,"minecraft:bread":13,"minecraft:iron_pickaxe":76,"minecraft:gravel":3,"minecraft:stone_axe":20,"minecraft:cobblestone":162,"minecraft:purple_bed":7,"minecraft:porkchop":3,"minecraft:bucket":6,"minecraft:pumpkin_pie":5},"minecraft:crafted":{"minecraft:furnace":1,"minecraft:cobblestone_stairs":4,"minecraft:spruce_stairs":4,"minecraft:iron_boots":2,"minecraft:iron_axe":1,"minecraft:spruce_wood":3,"minecraft:iron_hoe":1,"minecraft:chest":3,"minecraft:cooked_beef":6,"minecraft:spruce_planks":14,"minecraft:baked_potato":10,"minecraft:wooden_pickaxe":1,"minecraft:iron_helmet":2,"minecraft:iron_sword":2,"minecraft:bucket":1,"minecraft:bread":20,"minecraft:air":0,"minecraft:iron_chestplate":2,"minecraft:stick":24,"minecraft:iron_pickaxe":2,"minecraft:iron_shovel":2,"minecraft:iron_leggings":2,"minecraft:shears":1},"minecraft:killed":{"minecraft:witch":1,"minecraft:spider":6,"minecraft:skeleton":5,"minecraft:chicken":1,"minecraft:pig":1,"minecraft:zombie_villager":1,"minecraft:salmon":6,"minecraft:iron_golem":1,"minecraft:zombie":11,"minecraft:enderman":1,"minecraft:cow":4},"minecraft:mined":{"minecraft:spruce_planks":3,"minecraft:mossy_cobblestone":1,"minecraft:cobblestone_stairs":2,"projectvibrantjourneys:rocks":1,"minecraft:grass_block":155,"minecraft:coal_block":3,"minecraft:spruce_leaves":2,"minecraft:anvil":3,"minecraft:spruce_wood":1,"minecraft:stone":7,"minecraft:podzol":2,"minecraft:smithing_table":1,"projectvibrantjourneys:cattail":3,"minecraft:lily_of_the_valley":1,"minecraft:crafting_table":1,"projectvibrantjourneys:twigs":2,"minecraft:rose_bush":2,"minecraft:tall_grass":1,"minecraft:cobblestone":61,"biomesoplenty:sprout":19,"projectvibrantjourneys:fallen_leaves":1,"minecraft:damaged_anvil":1,"minecraft:air":2,"minecraft:purple_bed":6,"minecraft:sweet_berry_bush":16,"minecraft:lilac":12,"minecraft:spruce_log":184,"biomesoplenty:fir_log":2,"minecraft:grass":33,"minecraft:oak_log":1,"projectvibrantjourneys:short_grass":22,"biomesoplenty:fir_leaves":1,"minecraft:sunflower":3,"minecraft:dirt":49,"minecraft:chipped_anvil":3,"minecraft:oak_leaves":99,"minecraft:fern":2},"minecraft:broken":{"minecraft:iron_axe":1},"minecraft:dropped":{"minecraft:bread":21,"minecraft:iron_sword":2,"minecraft:wheat_seeds":5,"minecraft:oak_log":3,"minecraft:lilac":11,"minecraft:ender_pearl":3,"minecraft:iron_helmet":1,"projectvibrantjourneys:orange_bark_mushroom":4,"minecraft:grass":3,"projectvibrantjourneys:fallen_leaves":1,"minecraft:rose_bush":2,"minecraft:iron_leggings":1,"minecraft:sunflower":2,"minecraft:iron_axe":1,"minecraft:iron_pickaxe":1,"minecraft:iron_shovel":1,"minecraft:string":2,"minecraft:spruce_sapling":9,"minecraft:stone_axe":1,"minecraft:rotten_flesh":13,"projectvibrantjourneys:short_grass":5,"minecraft:iron_boots":1,"minecraft:iron_hoe":1,"biomesoplenty:sprout":2,"minecraft:lily_of_the_valley":1,"minecraft:poppy":1,"projectvibrantjourneys:light_brown_bark_mushroom":3,"biomesoplenty:fir_planks":6,"minecraft:iron_chestplate":1,"minecraft:oak_sapling":1,"minecraft:spider_eye":1,"minecraft:spruce_log":1}},"DataVersion":3465}